1,1,1,1,2,1,1,1,2,3,1,3,2,1,2,3,2,1,1,2,1,1,1,1,3,1,3,2,1,1,1,1,1,1,3,1,1,1,1,1,1,2,1,3,2,1,1,2,2,1,2,2,1,1,1,1,2,3,3,1,1,1,2,1,1,1,1,2,1,1,3,1,1,3,2,1,1,3,1,3,1,1,1,1,1,1,1,3,1,3,2,1,2,3,1,1,1,1,3,1,1
2,1,1,1,2,3,2,1,2,1,1,2,1,1,3,3,1,1,1,1,1,1,1,1,3,1,1,1,1,1,1,1,1,2,2,1,1,1,1,1,3,1,1,1,1,1,1,1,1,2,1,2,1,1,1,1,1,1,1,3,1,1,1,2,2,2,1,1,1,2,1,1,3,1,1,3,2,1,1,1,1,1,2,1,3,1,3,1,1,3,1,3,3,1,1,1,1,1,1,3,3
3,2,2,1,3,1,1,3,3,1,2,1,2,1,3,2,2,1,1,1,1,1,1,1,1,1,2,1,1,2,2,1,3,1,3,2,2,2,1,1,2,2,1,3,1,2,1,1,1,1,1,1,1,1,1,2,1,1,1,2,1,1,1,1,1,1,2,1,3,3,1,1,2,1,1,1,3,1,3,1,2,2,1,1,1,1,1,1,1,2,1,1,1,1,1,1,1,1,1,1,2
4,3,1,1,1,1,1,1,1,3,1,3,1,1,1,1,1,1,1,1,1,3,3,1,1,2,1,1,3,1,1,1,1,2,1,1,1,1,1,1,1,1,2,3,3,1,1,2,2,3,2,1,1,1,2,2,2,2,1,1,1,1,1,2,1,3,1,1,1,1,1,1,1,3,3,1,1,1,3,1,1,1,1,1,1,1,1,1,1,1,2,3,1,2,1,3,1,1,1,1,2
5,3,3,1,1,1,1,2,1,1,1,1,1,1,1,1,1,1,1,1,1,1,1,1,1,3,1,1,1,1,1,1,1,2,3,1,1,2,1,3,1,1,1,3,1,1,1,1,1,1,1,1,2,3,3,1,1,1,1,1,1,2,1,2,3,1,1,1,1,1,1,3,1,1,1,3,1,1,1,1,3,1,1,1,2,3,3,1,1,1,3,1,1,1,1,3,1,1,1,1,1
6,1,1,1,2,1,2,1,1,2,1,1,1,1,3,1,1,1,2,1,1,1,1,1,1,1,3,1,3,3,1,1,1,1,1,1,2,1,1,3,1,1,1,1,1,1,1,2,2,1,1,2,1,1,1,1,2,1,3,3,1,1,1,1,1,1,1,2,1,1,3,1,2,1,1,1,1,1,1,1,2,1,1,1,1,1,1,2,1,1,2,2,3,1,1,3,3,1,1,2,1
7,3,1,1,1,1,2,1,1,1,3,1,1,1,1,1,1,3,1,1,3,1,1,2,2,1,3,3,1,1,3,1,1,2,1,3,1,1,1,1,1,1,1,1,1,2,1,2,2,2,1,1,1,3,1,3,3,1,3,3,1,1,2,1,1,1,1,1,3,1,1,1,3,1,1,1,2,1,1,1,1,2,1,1,1,1,1,1,1,1,1,3,2,1,3,1,1,1,2,2,1
8,1,1,1,3,2,1,1,1,1,1,1,1,2,3,1,1,1,1,1,3,2,1,1,1,1,1,1,1,1,1,1,1,3,1,1,2,1,1,1,3,1,1,1,1,1,1,1,1,1,1,3,1,1,1,1,1,1,3,3,2,3,3,1,1,1,1,1,1,1,1,1,1,1,1,1,1,1,1,1,1,1,2,2,1,1,3,3,2,2,2,3,2,3,1,1,1,1,1,2,1
9,1,1,3,1,1,2,1,3,3,3,3,3,2,1,1,2,1,1,3,1,3,1,1,1,3,1,1,1,2,1,2,3,2,1,1,1,1,1,3,1,2,1,1,3,3,1,1,1,1,1,1,1,2,1,2,2,1,1,3,2,2,1,3,1,2,1,1,1,1,1,3,2,1,2,1,2,2,1,3,2,1,3,3,1,1,1,1,1,1,1,1,1,3,1,1,1,1,1,1,2
10,1,1,3,1,1,1,1,1,3,2,2,1,1,1,3,1,1,1,1,1,2,1,1,3,1,1,1,1,1,1,2,1,1,1,1,1,1,2,1,1,1,1,1,2,1,1,2,3,1,1,3,2,1,1,1,3,1,1,1,1,2,3,1,1,1,1,1,1,1,1,3,1,1,2,3,1,1,1,1,1,3,1,1,1,1,3,1,1,2,1,1,1,1,1,3,1,1,3,1,1
11,1,3,1,1,3,1,1,1,1,1,1,1,2,1,1,1,1,1,1,1,3,1,1,1,2,3,1,2,3,3,1,1,2,1,1,1,1,1,2,2,1,1,1,3,1,1,3,1,1,2,1,2,1,1,2,1,1,1,2,1,1,1,1,1,1,1,1,1,1,2,1,1,1,2,2,1,3,3,2,2,2,1,3,3,1,1,1,1,2,1,1,1,1,1,2,1,1,1,1,1
12,1,3,1,3,1,1,1,3,1,1,1,1,1,1,1,1,1,1,2,1,1,2,1,1,1,2,1,1,2,1,3,1,1,1,1,3,1,1,1,1,1,3,1,1,1,1,1,1,1,2,1,3,1,1,1,1,1,1,1,1,2,1,1,1,1,3,1,1,1,1,2,1,2,2,1,1,1,2,1,1,1,3,1,3,1,1,1,1,1,1,3,1,1,1,1,3,1,1,3,1
13,1,2,1,1,2,3,1,2,1,3,1,1,1,1,1,1,1,3,1,1,1,1,1,1,1,3,1,1,1,1,1,1,1,1,1,1,1,1,1,1,3,1,1,2,3,1,3,3,1,1,1,3,1,3,1,1,1,1,1,1,2,1,3,1,1,2,1,2,1,3,1,3,2,1,3,1,1,1,1,1,1,1,1,2,1,1,2,1,1,1,1,1,1,1,2,1,1,1,1,1
14,1,1,1,1,1,1,3,2,1,3,3,2,1,1,1,1,3,2,1,3,1,1,3,2,2,1,1,3,1,1,2,1,1,2,1,1,2,2,1,1,1,1,1,1,1,1,1,2,2,3,1,1,1,1,1,1,3,1,1,1,1,1,1,1,1,1,3,1,2,2,1,1,1,3,1,1,1,3,1,1,1,3,3,1,3,1,1,1,1,1,1,1,1,1,1,1,1,1,1,1
15,3,1,1,1,1,1,1,1,1,1,1,3,1,3,1,1,1,1,2,3,3,2,1,1,1,2,1,1,1,1,3,3,1,3,1,3,1,1,2,1,3,1,1,1,1,3,1,1,1,3,1,1,1,1,1,3,1,1,3,2,1,1,1,1,1,1,1,1,1,1,1,3,1,1,1,1,1,2,1,1,1,1,2,2,2,1,1,1,1,1,2,1,1,1,1,1,1,1,2,1
16,2,1,1,2,1,1,3,2,1,1,1,1,1,1,1,1,1,1,1,3,3,3,3,1,2,3,1,2,2,1,2,3,1,1,1,1,1,1,1,1,1,1,2,1,2,1,1,1,3,3,1,2,1,1,1,1,1,1,2,1,1,2,2,1,1,1,1,1,3,1,1,3,1,1,2,2,1,3,3,1,1,1,2,2,1,1,1,2,1,1,1,1,3,1,1,2,1,2,3,3
17,1,1,1,1,1,1,3,1,1,1,1,1,1,1,1,1,1,2,1,1,1,1,1,1,1,1,2,3,1,1,1,2,1,3,1,2,1,1,1,1,1,1,1,1,1,1,1,2,1,1,2,1,3,1,1,1,1,1,1,1,1,1,3,3,1,3,1,3,3,1,1,3,1,1,3,1,1,1,3,1,1,2,1,3,1,1,3,1,1,3,1,2,1,1,1,1,3,1,2,1
18,1,1,3,1,1,1,1,3,1,3,1,1,3,1,3,3,2,1,1,3,3,3,1,1,3,1,1,2,2,2,1,1,2,1,1,1,1,1,1,1,1,3,1,1,1,1,1,3,1,2,1,1,1,1,1,1,1,3,1,2,1,1,1,1,1,1,1,1,1,1,1,1,1,1,1,3,3,1,1,1,3,2,1,3,1,1,3,1,1,1,2,1,1,1,1,1,1,2,1,1
19,1,1,1,1,1,2,1,1,1,3,1,1,1,3,1,1,1,1,1,1,1,2,1,1,1,2,1,1,3,1,1,1,1,1,3,1,1,1,1,1,1,2,1,1,1,1,1,1,1,3,1,1,3,1,1,1,1,2,1,1,3,2,1,2,1,1,1,1,1,1,1,1,1,1,1,1,1,1,1,3,1,1,1,1,2,1,2,1,2,1,1,1,1,3,1,2,1,1,1,3
20,1,1,1,1,1,1,1,1,1,1,1,2,1,1,1,1,2,1,1,1,1,1,2,2,1,1,1,3,1,1,1,2,1,2,2,1,3,1,1,1,1,1,1,2,1,1,1,1,1,3,1,2,3,1,2,1,1,1,1,2,1,1,1,1,3,1,1,1,1,3,2,1,1,1,1,1,1,1,1,2,1,1,2,1,1,3,1,1,3,1,1,1,1,1,1,1,1,1,2,2
21,1,3,2,1,1,3,2,1,2,3,1,1,1,2,1,1,1,1,1,1,1,1,1,1,1,2,1,1,1,1,1,1,1,1,1,3,1,3,3,1,3,1,1,3,1,1,1,1,1,3,1,1,3,1,1,1,3,3,2,1,3,1,1,1,1,2,2,1,2,1,3,1,3,1,2,1,1,1,1,1,1,1,1,3,1,1,1,1,1,1,1,1,1,1,3,1,3,1,1,2
22,1,1,1,1,1,1,1,2,1,1,1,1,1,2,1,1,2,3,1,1,3,1,1,2,1,1,2,1,1,1,1,3,1,1,1,1,1,1,1,1,1,1,1,3,1,3,1,1,3,1,3,2,1,3,3,1,1,2,1,2,3,1,1,1,3,3,3,1,1,1,1,1,1,1,1,1,1,1,1,1,1,1,1,1,1,3,1,2,1,1,1,1,1,1,2,1,3,1,3,1
23,1,3,2,3,1,2,1,1,1,1,1,3,1,1,1,2,1,3,1,1,2,1,2,1,2,1,1,2,2,1,3,1,1,2,1,1,1,2,1,1,3,1,2,2,1,1,2,2,1,1,1,1,1,1,1,3,1,1,1,1,3,1,1,1,1,1,1,2,1,1,1,1,2,1,1,1,1,1,1,1,3,1,1,3,1,3,1,1,3,1,1,1,1,1,1,2,2,2,1,1
24,1,2,2,1,2,1,1,2,1,1,3,1,1,2,2,1,1,3,2,1,2,2,1,1,1,1,3,1,1,1,1,1,1,2,1,1,1,3,1,1,1,1,1,1,1,1,1,1,3,1,1,1,1,1,1,1,1,1,1,1,1,1,1,1,3,1,1,1,1,1,3,1,3,2,1,1,1,1,1,1,2,2,1,1,3,2,1,1,1,1,3,1,2,1,3,1,2,2,1,1
25,1,3,1,1,3,2,2,1,1,1,3,1,1,1,1,1,2,2,2,1,3,3,2,1,1,1,1,1,2,1,1,1,1,1,1,2,1,2,1,2,3,1,3,1,3,2,1,3,1,1,1,1,1,1,2,1,2,1,1,1,1,1,3,1,2,1,1,1,3,1,1,2,2,1,1,1,2,1,1,1,2,1,2,1,1,1,1,1,1,1,1,3,1,2,1,1,1,1,1,1
26,1,1,3,1,1,1,2,3,1,3,1,1,1,1,2,2,2,1,1,1,1,1,1,1,1,1,1,1,3,1,1,1,1,1,1,1,1,3,2,1,2,1,3,1,1,2,1,1,3,1,1,3,2,2,1,2,2,3,1,1,1,1,1,1,2,1,1,1,1,2,1,2,1,1,1,3,1,2,3,2,2,1,1,1,1,1,3,1,1,1,1,3,1,2,2,1,2,3,1,3
27,1,1,1,1,1,3,1,1,2,1,1,1,2,1,1,1,3,1,1,1,1,2,1,1,1,2,1,1,1,1,1,1,1,1,1,1,1,1,1,1,3,1,1,1,1,1,1,1,1,1,1,1,1,1,1,1,1,2,1,3,1,1,3,1,3,2,1,3,1,3,1,3,1,1,1,1,1,1,3,1,1,1,1,3,1,2,1,3,1,1,1,1,1,3,1,3,1,1,1,1
28,3,1,1,1,1,1,1,1,2,1,3,1,1,1,2,1,1,1,1,2,1,1,1,1,1,1,1,1,1,1,1,1,2,1,1,2,1,1,1,1,1,1,1,1,1,1,1,1,1,1,2,1,2,3,3,1,1,2,1,1,3,1,1,1,1,1,2,1,1,3,1,2,1,1,3,1,1,1,1,1,1,3,2,1,1,3,1,3,1,2,2,1,1,2,1,1,1,1,3,1
29,1,1,2,1,1,1,1,1,1,1,2,1,1,1,3,1,1,1,1,3,3,2,3,3,2,1,1,2,3,3,1,2,1,1,2,1,1,2,2,1,1,1,2,1,1,2,3,1,3,1,1,1,1,1,1,1,1,3,1,1,1,1,1,3,1,1,1,3,3,1,1,1,1,1,1,2,1,2,1,1,1,1,1,1,2,1,1,1,1,1,2,1,1,1,1,1,2,1,3,2
30,1,2,1,1,3,3,1,1,1,1,1,1,1,1,2,1,3,2,1,1,1,1,1,1,1,1,1,1,1,1,1,3,1,1,3,1,1,1,3,3,1,1,1,3,1,1,1,1,1,1,1,1,1,1,1,1,1,3,3,2,1,2,2,3,1,1,1,1,2,2,3,1,1,1,2,3,1,1,1,1,1,1,1,2,1,1,3,1,1,1,1,1,1,3,2,1,1,1,1,3
31,1,1,1,1,1,1,3,2,1,1,1,1,1,1,1,3,1,3,1,2,3,1,1,1,2,1,1,1,3,1,1,1,1,2,1,1,1,1,3,2,1,1,1,1,2,1,1,1,1,1,3,1,3,1,1,1,2,1,1,1,1,3,1,1,1,1,2,1,2,1,2,3,1,3,1,3,1,3,1,1,3,2,3,1,3,1,1,1,3,3,1,3,1,1,3,1,2,1,1,1
32,1,1,1,1,1,2,1,1,1,1,1,1,1,2,1,1,1,1,2,2,1,1,1,1,1,3,1,1,1,2,2,2,2,1,1,1,1,1,1,1,1,1,1,1,1,3,1,1,1,1,1,1,2,2,1,1,3,1,1,1,1,1,2,1,1,1,1,1,1,2,1,2,1,1,2,3,2,3,1,1,1,1,1,1,1,2,1,1,1,1,1,1,1,1,1,3,1,1,1,2
33,1,1,1,1,1,1,1,1,1,3,1,1,1,1,3,1,3,2,1,2,1,2,1,2,3,1,2,1,2,1,1,1,1,1,1,1,1,1,3,3,2,2,1,1,1,2,1,2,3,1,1,1,3,3,1,1,1,3,3,1,1,1,3,1,1,1,2,1,2,1,1,1,2,2,1,3,1,1,2,3,1,3,1,1,1,2,1,1,1,1,3,2,3,1,1,2,1,1,3,3
34,3,3,2,1,3,1,1,1,2,3,1,2,1,1,1,1,1,2,3,1,1,1,1,1,1,1,1,3,1,1,1,1,1,2,1,1,3,3,3,1,1,1,1,1,1,1,2,1,1,1,1,1,1,3,1,3,1,1,2,1,1,2,2,2,1,1,1,1,1,2,2,1,1,1,3,1,3,1,1,1,1,1,1,1,2,1,1,1,3,1,1,1,1,3,1,1,1,3,1,1
35,1,1,1,3,1,1,3,3,3,1,1,2,1,1,1,1,1,2,1,1,2,3,2,2,2,1,1,1,1,2,3,1,2,3,2,1,1,2,1,1,1,1,1,1,1,1,3,1,1,1,1,2,1,2,2,3,3,3,3,1,3,2,1,3,2,1,1,2,1,2,1,2,1,1,1,3,1,1,1,1,1,1,3,1,3,1,1,1,3,3,1,1,1,3,1,2,1,1,1,3
36,1,1,2,1,1,1,1,1,1,3,1,1,3,1,1,3,1,1,1,1,3,3,1,1,1,2,1,1,1,3,1,1,2,3,1,1,2,1,1,1,1,3,1,2,3,1,3,3,1,1,1,3,1,1,1,1,1,1,3,3,1,1,1,1,3,1,1,1,1,1,2,1,2,1,2,3,1,1,3,2,3,1,3,1,3,1,1,3,1,1,1,2,2,1,3,1,1,1,3,1
37,1,1,1,1,1,1,1,1,2,1,3,3,3,1,2,1,1,1,2,1,1,1,1,3,1,1,1,1,1,2,3,1,1,2,3,1,1,1,1,2,1,3,3,1,1,1,1,1,1,1,1,1,3,1,3,1,3,3,1,1,1,1,1,1,1,1,1,1,1,1,1,3,2,3,1,1,1,1,2,2,1,1,1,1,1,1,2,1,1,1,1,1,1,1,1,1,1,3,1,1
38,3,1,1,1,2,2,1,1,1,2,1,1,3,1,1,1,2,1,1,1,1,1,2,1,1,1,3,1,2,1,2,3,1,1,2,1,2,3,1,1,1,1,2,1,3,3,1,2,1,2,2,1,3,1,3,1,1,1,2,3,1,1,1,1,1,1,1,1,1,3,1,1,1,1,1,1,1,1,1,2,1,1,1,1,1,1,2,2,1,1,1,1,3,1,2,2,1,1,1,1
39,1,1,1,1,1,3,1,1,3,1,1,1,1,1,1,1,3,1,3,1,1,1,3,1,1,2,1,1,1,1,1,1,1,1,1,1,1,1,1,1,3,1,2,1,3,3,1,1,1,3,1,1,1,2,3,1,3,1,1,3,1,1,1,2,1,1,1,1,1,3,1,1,1,1,1,2,3,1,1,1,1,1,1,1,1,1,3,1,1,1,3,3,1,3,3,1,3,2,1,1
40,2,3,2,1,1,1,2,1,3,1,1,3,2,2,2,1,1,1,2,1,1,1,1,1,1,1,1,2,3,2,3,1,3,1,3,1,2,1,1,3,3,1,1,1,1,3,2,1,2,1,1,3,1,1,1,1,1,2,2,1,1,3,1,1,1,1,3,1,1,3,1,1,1,1,1,1,1,2,1,1,1,3,2,1,1,2,3,3,3,3,2,1,1,1,1,1,3,1,2,1
41,1,3,3,1,1,1,2,1,2,1,3,1,1,1,1,3,3,2,3,3,3,3,1,3,1,3,1,2,1,3,3,1,1,1,1,3,1,3,1,1,1,2,1,1,1,2,1,1,3,1,1,1,1,1,3,1,3,1,1,1,1,3,2,3,3,2,1,1,2,1,3,1,2,1,1,1,3,1,1,1,3,2,1,2,1,3,1,1,1,2,1,1,1,3,1,1,1,3,1,1
42,1,1,1,1,1,2,1,1,1,1,2,1,1,3,1,1,2,1,1,1,3,1,1,1,1,1,2,3,1,2,3,3,1,2,1,2,1,1,1,2,1,1,1,3,1,1,2,1,2,3,1,2,2,2,2,1,2,3,1,1,1,3,1,2,2,1,1,1,1,2,1,2,1,2,1,3,1,1,1,2,1,1,3,2,3,1,3,1,1,3,1,1,2,1,2,1,1,1,1,1
43,3,1,1,1,1,1,1,1,1,1,1,2,1,1,2,2,1,2,1,3,1,1,1,1,1,1,1,2,3,1,1,1,1,1,1,1,1,2,1,1,1,1,3,1,1,3,1,1,1,1,1,2,2,1,2,1,1,1,1,3,1,1,3,2,1,1,1,1,1,1,1,1,3,1,1,1,3,1,1,3,2,1,1,1,1,1,2,1,1,1,1,1,3,1,1,3,1,3,3,3
44,1,1,2,1,1,1,1,1,1,1,1,1,1,1,1,1,1,1,1,1,1,1,1,1,1,3,1,2,3,1,1,1,2,1,1,1,1,1,3,1,1,2,1,1,1,1,1,1,3,1,1,1,1,1,3,1,3,1,1,1,1,1,1,1,3,1,2,1,3,1,1,3,1,3,1,1,1,3,1,1,1,3,1,1,1,3,3,2,1,1,1,1,1,1,1,1,2,1,3,1
45,1,1,1,2,1,2,1,1,2,3,2,1,1,1,1,1,2,1,1,1,3,3,1,1,3,1,1,1,1,1,2,1,1,1,2,3,2,1,2,1,1,1,1,1,3,1,1,1,3,1,1,2,1,2,1,2,1,1,1,1,1,2,3,1,2,1,1,2,1,3,1,3,1,1,3,1,1,3,1,1,1,1,1,1,1,1,1,1,1,1,1,3,2,1,1,1,2,1,1,1
46,1,2,3,1,1,2,3,1,1,2,1,1,2,1,1,2,1,2,1,2,1,1,1,1,3,3,1,1,1,3,1,1,1,3,2,1,1,1,1,1,1,1,1,1,1,3,1,3,1,1,2,3,1,2,1,1,1,1,1,2,1,1,1,1,1,1,3,1,1,1,1,3,2,1,1,1,1,1,1,1,1,1,1,1,1,3,1,1,1,1,1,3,1,1,1,1,1,1,1,1
47,2,1,1,1,1,1,1,3,1,2,2,1,2,1,1,1,2,2,1,1,3,1,1,1,1,1,1,3,1,1,1,1,3,1,1,1,1,1,1,3,1,1,1,2,2,1,1,1,1,1,1,1,1,1,2,1,1,1,1,1,1,1,1,3,1,1,1,3,1,1,1,1,3,1,1,3,1,1,1,3,1,1,3,1,1,1,2,1,1,1,1,2,2,1,1,1,3,1,1,1
48,1,1,1,1,1,1,1,3,1,2,1,2,1,1,1,2,1,1,3,3,1,1,2,1,1,1,1,2,1,1,3,1,1,1,2,3,1,3,1,1,3,3,1,1,1,1,1,1,1,1,1,1,1,1,1,1,2,1,1,1,1,1,1,3,1,1,1,3,3,1,1,1,3,1,1,3,1,3,1,3,3,1,3,1,1,3,1,3,1,2,3,1,1,2,2,3,1,3,2,2
49,2,2,2,1,1,3,1,3,1,1,1,2,1,3,1,1,3,1,1,1,1,3,1,1,1,1,2,1,3,2,2,1,1,1,1,1,1,3,3,3,1,1,1,2,1,1,1,3,3,1,1,1,2,3,1,2,2,1,3,2,1,2,2,1,1,1,1,1,2,1,1,1,2,1,1,1,1,3,2,1,3,1,1,3,1,1,2,1,3,3,1,2,1,1,1,2,3,2,1,3
50,2,1,1,2,2,1,3,1,1,3,1,2,2,2,3,1,1,1,1,1,1,1,1,1,1,1,3,2,2,1,3,2,1,1,1,1,1,1,3,1,1,1,1,1,1,2,3,1,1,3,1,1,1,3,3,1,2,1,3,1,1,3,1,1,1,1,3,1,1,1,1,2,2,1,2,3,1,1,1,1,1,1,1,2,1,1,1,3,2,1,3,1,3,1,1,1,3,1,1,3
51,1,3,1,3,2,3,1,1,1,1,1,1,3,1,2,1,1,1,1,1,1,1,2,1,1,3,1,3,3,1,3,2,3,1,1,1,1,1,2,1,1,1,1,1,1,1,3,1,1,2,1,1,1,1,1,1,3,2,1,1,1,1,1,1,1,1,1,3,1,1,2,1,1,1,3,1,3,1,1,3,1,1,2,1,1,1,3,1,1,1,1,1,1,1,2,3,1,3,1,3
52,1,3,1,2,1,1,1,1,2,1,1,1,3,1,1,1,1,3,1,1,1,1,1,1,1,1,1,1,1,2,1,1,1,3,2,2,2,1,3,1,1,1,3,1,2,1,1,1,1,2,1,1,3,1,1,1,2,1,1,1,1,1,1,1,2,1,3,1,1,1,1,1,1,1,1,1,3,1,2,2,3,1,1,1,1,1,1,2,1,1,1,1,1,1,1,2,3,1,1,2
53,1,3,1,1,1,2,1,1,1,1,1,1,1,1,1,1,1,2,3,1,1,2,1,1,1,1,1,1,1,3,3,1,1,1,1,1,3,2,1,2,2,2,3,1,1,2,1,1,1,3,1,1,1,1,1,1,1,1,1,1,1,1,1,1,1,2,2,2,2,1,1,3,1,1,1,2,3,1,3,3,2,1,1,3,1,3,3,3,1,1,3,1,1,1,1,3,1,1,3,1
54,2,1,1,3,3,1,1,1,3,1,1,1,1,1,3,1,3,3,2,3,1,1,1,2,1,1,1,1,1,1,1,1,1,1,2,1,3,1,3,1,1,2,2,2,2,1,1,2,2,1,1,1,1,1,2,1,1,2,1,2,1,1,2,1,3,1,1,3,1,1,1,2,3,1,2,1,1,2,1,1,1,1,1,1,1,2,1,1,1,1,1,1,1,2,1,1,3,1,1,3
55,3,3,1,1,1,1,1,2,2,1,2,1,2,1,1,2,1,1,1,3,1,2,1,1,2,2,2,2,1,1,1,1,3,1,2,1,1,3,1,3,1,1,1,2,3,1,3,1,1,3,1,1,3,1,1,1,2,1,1,1,3,1,3,1,1,1,2,2,2,1,1,3,3,1,1,1,1,1,1,1,3,2,1,1,2,1,1,2,1,3,1,1,1,1,1,1,2,1,1,1
56,1,2,3,1,1,1,1,1,2,1,1,2,2,3,1,2,3,1,1,2,1,1,1,1,2,1,1,1,1,1,1,1,3,2,1,1,1,3,1,1,3,2,1,1,1,1,1,3,2,3,1,1,1,1,2,1,2,3,1,1,1,1,3,1,1,1,2,1,1,1,3,1,1,3,2,3,1,1,2,1,3,1,1,1,1,1,2,2,1,1,1,1,3,1,2,1,2,3,1,3
57,1,1,1,2,1,1,1,1,1,1,2,1,1,1,3,2,1,3,1,2,1,1,1,1,3,3,2,3,1,1,1,1,3,2,3,2,1,1,1,2,1,2,1,1,1,1,2,2,1,2,1,1,1,1,3,1,1,2,1,3,1,3,1,1,2,1,3,2,1,3,1,1,1,2,1,1,1,1,1,2,1,1,1,3,3,1,3,3,1,1,3,1,1,1,1,1,1,1,1,2
58,1,2,2,1,2,1,1,1,1,3,1,1,2,3,1,2,3,2,2,2,3,1,1,2,1,2,1,1,2,1,3,1,1,1,1,1,1,2,1,1,3,1,1,1,1,2,3,1,3,1,2,3,3,2,1,1,2,2,1,1,1,1,2,1,1,1,1,2,1,3,1,3,1,2,1,1,1,1,1,1,1,2,1,1,1,1,1,1,1,2,1,1,1,1,3,2,1,1,1,3
59,1,1,1,1,2,1,1,3,1,1,1,3,1,1,1,2,2,1,1,1,1,1,3,1,1,1,1,2,1,2,1,1,1,3,3,1,1,1,2,1,1,1,1,3,1,1,2,3,1,1,1,1,1,1,3,1,1,1,3,1,1,1,1,1,1,2,1,2,1,1,3,3,1,1,1,1,1,1,1,1,1,1,1,3,1,1,1,1,3,1,1,1,1,1,1,1,2,2,3,1
60,1,3,1,1,1,1,2,1,1,2,1,3,1,3,1,2,3,1,1,1,2,2,1,1,1,1,2,3,1,2,1,2,3,1,1,1,3,1,1,1,1,1,1,2,1,3,1,1,1,1,1,3,1,1,1,3,1,1,1,1,2,1,2,1,1,1,1,1,2,2,3,1,1,1,1,1,2,2,1,1,3,1,3,2,1,2,2,1,1,1,1,1,1,1,1,1,2,1,3,1
61,3,3,1,1,1,1,2,2,1,1,1,1,3,1,2,1,1,1,1,1,3,3,1,2,1,1,1,2,2,1,1,3,2,2,1,1,2,1,1,3,1,1,1,1,1,1,1,1,2,1,1,3,3,2,2,1,3,1,3,1,1,1,1,3,3,1,1,1,1,1,1,1,1,1,2,3,1,3,1,1,1,3,2,3,1,1,1,1,1,1,1,1,1,1,1,1,2,1,2,1
62,1,2,2,3,1,1,2,1,1,1,1,1,1,1,1,1,1,3,2,1,2,1,1,1,1,1,1,1,3,2,1,2,1,3,1,2,3,3,1,1,1,3,1,1,1,1,1,1,1,1,2,1,1,1,1,1,1,3,1,1,1,2,1,2,2,2,1,2,2,1,1,3,3,2,1,2,2,1,1,1,1,1,1,1,1,1,1,1,1,2,3,1,1,1,1,1,1,1,2,1
63,1,1,1,1,1,2,1,1,1,1,3,3,2,1,2,1,1,2,1,1,3,1,2,3,2,1,1,1,1,1,2,1,1,1,1,1,1,1,3,1,1,1,1,2,1,2,1,3,2,1,1,1,1,3,2,1,1,1,2,1,1,3,1,1,2,1,2,1,2,1,1,1,1,3,1,1,1,3,1,2,1,3,1,1,1,1,3,1,1,1,1,1,1,1,1,1,1,1,1,3
64,3,1,1,3,1,1,3,1,2,1,3,1,1,1,1,1,3,1,2,1,1,2,1,1,3,1,1,3,3,1,3,3,1,1,1,1,1,2,1,1,1,3,1,2,1,1,1,3,2,1,1,2,2,1,1,1,1,1,1,1,1,1,1,1,1,1,1,1,1,1,1,1,1,3,1,1,3,2,3,1,1,1,1,3,1,1,2,1,3,1,1,3,3,1,1,1,1,3,1,1
65,2,1,1,2,1,3,1,1,1,1,1,3,1,1,1,1,1,2,1,1,2,1,1,3,3,1,1,1,1,3,1,2,1,1,1,1,1,1,1,1,2,1,1,1,1,3,2,1,3,1,2,1,1,1,1,1,1,1,1,1,1,1,1,2,3,2,1,2,1,1,2,1,1,1,1,2,3,2,1,1,1,1,1,2,3,1,1,1,3,1,1,1,1,3,1,2,2,1,1,1
66,2,1,1,1,1,1,1,1,1,1,1,1,1,1,1,3,1,1,2,1,1,1,2,1,1,1,1,3,1,3,1,3,1,1,3,2,1,1,3,1,1,1,1,1,2,1,1,1,1,1,2,1,1,2,1,3,2,3,3,1,1,1,1,3,1,3,1,1,1,1,1,1,2,1,2,1,1,1,3,1,1,2,2,2,1,1,2,1,1,3,1,2,2,3,2,2,1,2,1,1
67,1,1,3,1,1,1,1,3,3,1,1,1,3,2,2,3,2,3,3,1,1,1,1,1,3,1,1,1,2,1,3,1,1,2,1,1,1,1,3,1,1,1,1,3,1,2,2,1,1,1,3,2,1,1,1,1,2,1,1,1,1,1,1,1,2,1,1,1,1,1,1,1,1,1,2,1,3,1,2,1,3,1,1,1,1,1,1,1,1,2,1,3,1,1,1,1,1,2,1,1
68,1,2,1,1,2,3,1,2,1,1,3,1,1,1,2,1,1,3,1,1,1,3,1,1,1,1,1,1,1,1,1,1,1,1,1,1,2,1,2,3,2,1,1,1,1,1,2,1,3,1,1,1,2,1,3,1,1,2,1,1,1,1,3,1,1,2,1,1,1,1,1,2,1,1,1,1,1,1,1,1,1,1,1,1,1,3,1,3,1,3,2,1,1,1,2,1,1,1,2,1
69,2,1,1,1,2,1,1,1,1,1,3,1,1,1,1,2,2,1,3,1,1,1,1,1,1,1,1,1,2,1,2,1,1,1,2,1,1,1,3,1,1,1,2,1,3,1,1,1,2,1,1,1,2,1,1,1,1,1,3,1,2,2,2,3,1,1,1,2,2,1,1,1,1,1,1,1,1,1,1,2,3,1,3,1,3,1,1,1,1,1,1,1,1,2,1,3,1,1,1,2
70,1,1,2,1,1,1,2,1,3,1,1,3,3,1,1,1,1,1,3,1,1,1,1,1,1,1,1,1,2,1,1,1,1,1,1,2,1,1,1,3,1,3,2,1,1,1,3,1,1,2,1,1,1,1,1,1,3,1,2,1,1,1,1,1,1,1,1,1,3,1,1,3,1,3,1,3,1,1,1,1,3,1,1,1,3,1,1,1,2,1,1,2,1,3,1,2,1,1,1,1
71,1,1,1,2,1,1,2,1,3,1,1,1,1,2,3,3,3,1,1,1,1,3,3,1,1,1,2,3,1,1,1,1,2,1,1,1,3,1,1,1,1,1,1,3,3,1,1,1,2,1,1,1,1,2,3,2,1,1,1,1,3,1,1,1,2,1,1,1,1,1,1,3,2,1,1,2,1,2,2,1,1,1,1,1,1,1,1,3,1,3,1,1,1,1,1,2,2,1,1,1
72,1,1,1,1,2,3,1,3,1,2,3,1,1,3,1,1,3,3,1,3,1,1,3,1,1,1,1,2,1,1,1,1,3,1,1,1,2,1,1,1,1,3,1,3,1,3,1,1,1,1,2,1,1,1,1,1,1,1,1,3,2,1,1,1,1,1,1,1,1,1,1,2,1,1,1,1,3,1,1,1,3,1,1,1,1,1,1,1,1,2,1,1,1,1,2,3,1,3,1,1
73,2,1,3,1,1,3,2,1,2,1,2,1,1,1,1,1,3,2,1,1,1,1,1,3,1,1,1,3,3,1,1,1,1,3,3,1,3,1,1,2,2,3,1,1,3,2,2,1,1,3,3,1,1,1,1,3,3,1,1,1,3,1,1,1,3,1,1,1,1,1,1,1,1,1,3,1,1,1,1,1,1,1,2,1,1,3,1,3,1,3,3,1,1,1,1,2,1,1,1,1
74,1,3,1,3,1,3,1,1,1,2,1,1,1,1,3,1,1,1,1,2,2,1,1,3,3,1,1,1,2,1,2,1,1,1,1,3,3,3,1,1,1,1,1,1,1,3,1,1,1,1,1,1,1,3,1,1,2,1,1,1,1,1,1,1,1,2,1,2,2,2,2,2,1,1,3,1,1,3,3,3,1,1,1,3,1,3,1,1,2,1,1,1,1,2,3,1,2,1,1,1
75,1,1,1,2,1,1,3,3,1,1,2,1,1,1,1,1,3,1,1,1,1,1,3,1,1,3,1,1,1,2,1,1,1,1,1,1,2,1,1,2,3,1,1,1,1,1,1,1,1,1,2,1,2,1,1,2,1,1,2,1,2,3,1,1,1,1,1,1,1,2,1,1,1,2,1,1,1,3,1,1,1,2,3,1,1,1,1,1,1,1,2,1,1,1,1,1,1,1,1,2
76,2,1,2,1,2,1,1,1,1,1,1,1,1,1,3,1,1,3,3,2,2,1,1,2,1,1,1,3,2,3,1,1,1,1,1,1,2,1,1,1,1,1,1,2,1,2,3,1,1,1,1,1,1,1,1,1,3,1,2,3,3,1,1,3,3,3,3,1,1,1,1,1,2,1,1,1,1,1,3,1,2,1,1,1,1,1,1,1,3,1,1,3,1,2,1,1,1,1,2,1
77,1,1,2,2,1,3,1,2,1,1,3,1,1,1,1,3,1,1,1,1,3,3,1,1,3,1,1,3,1,1,3,1,1,3,1,3,1,1,1,3,1,1,1,1,1,1,1,1,1,1,3,1,3,1,1,1,1,1,1,3,1,1,1,1,1,1,1,2,1,1,1,2,1,1,1,1,1,1,1,1,1,3,1,1,1,1,1,1,1,3,1,1,1,1,1,2,1,3,1,1
78,3,1,1,1,1,1,1,2,1,1,1,2,1,1,2,2,1,3,2,1,1,1,1,1,1,1,3,1,1,3,1,1,3,2,1,1,2,2,2,1,1,3,2,1,1,1,1,1,1,1,1,1,1,1,3,3,2,1,3,1,1,3,1,2,2,2,2,3,1,1,1,3,1,1,1,1,1,2,1,1,1,1,1,1,1,2,1,2,2,2,1,3,2,1,3,1,1,1,2,1
79,2,1,1,1,1,1,1,3,1,2,1,2,1,3,1,1,1,1,1,1,1,1,3,1,2,1,1,2,1,2,3,1,1,1,3,1,1,1,1,1,3,1,3,3,2,1,1,3,3,1,1,3,3,1,1,1,1,1,2,1,1,2,2,1,3,1,2,3,1,1,3,1,1,1,1,3,1,1,1,2,1,1,1,1,1,1,1,1,2,1,1,3,1,1,3,2,1,1,1,1
80,2,1,1,1,1,1,1,2,1,1,1,1,2,1,1,1,1,1,3,3,1,3,1,2,1,1,1,1,1,1,1,1,2,2,2,1,1,3,1,2,1,1,1,2,1,1,1,1,3,1,1,1,1,3,3,2,1,1,3,3,1,2,3,1,1,1,1,2,1,3,2,1,1,1,2,1,3,3,1,1,1,1,1,1,1,1,1,1,1,1,1,1,1,1,1,3,1,3,3,3
81,3,1,1,1,3,1,3,1,3,1,2,1,1,1,1,1,1,3,1,1,1,1,1,3,1,2,1,1,1,1,1,1,1,3,3,1,3,1,1,3,3,3,1,3,1,2,1,1,1,2,3,1,1,1,1,1,1,1,3,1,1,1,1,1,3,1,1,2,1,1,1,1,1,1,1,1,1,1,1,3,1,1,3,2,2,1,2,1,1,1,1,2,1,3,2,1,1,2,1,1
82,1,2,2,2,1,1,1,1,3,1,1,3,1,1,3,2,3,1,1,1,1,1,1,1,1,1,1,2,1,1,2,1,1,1,2,1,2,1,1,1,1,1,2,1,1,1,1,1,2,3,1,2,1,1,1,2,1,3,2,2,1,1,1,1,3,1,1,2,1,1,1,1,3,1,3,1,1,3,1,1,1,1,1,2,1,2,1,1,2,1,3,1,1,1,1,1,3,1,1,1
83,2,2,3,2,3,1,1,2,2,1,3,1,1,1,1,1,1,1,1,3,2,1,2,1,1,2,2,1,1,3,2,1,1,3,1,1,1,2,1,2,2,1,1,1,1,1,1,3,1,3,3,2,1,1,1,1,1,1,1,1,1,1,1,2,2,1,2,1,1,1,1,1,1,1,1,2,1,1,1,1,3,2,1,1,1,1,2,1,1,1,1,1,1,1,1,1,1,1,3,1
84,1,1,1,3,1,2,1,1,3,3,2,3,2,3,1,3,1,1,1,2,1,2,2,1,1,1,1,1,2,1,2,1,1,1,1,1,3,2,1,1,1,1,1,1,1,1,1,1,1,3,2,1,1,1,1,3,1,2,1,1,2,1,1,1,1,1,3,1,2,1,1,1,2,2,1,1,1,1,1,1,3,3,1,1,1,1,1,1,3,1,1,1,3,1,1,3,1,2,1,1
85,3,1,1,1,1,3,1,3,1,3,2,1,3,1,2,1,1,2,2,1,1,1,1,1,1,3,2,3,1,1,3,3,3,1,3,1,1,1,1,1,1,1,1,1,1,1,1,3,1,1,1,1,3,1,1,3,2,1,2,1,3,1,2,3,3,1,1,1,1,1,1,1,1,1,1,1,1,1,2,2,1,1,1,1,1,2,1,1,1,1,1,1,1,1,1,1,1,3,1,3
86,1,1,1,1,1,1,3,1,3,1,1,1,1,2,3,1,1,1,1,2,1,1,2,3,1,1,1,1,1,1,1,1,2,1,3,2,1,1,1,2,1,1,1,1,1,1,3,3,1,1,3,1,1,1,2,2,1,1,1,2,1,1,1,1,1,1,1,1,2,1,2,3,1,1,1,1,1,1,3,1,1,3,3,2,2,1,1,1,3,1,2,1,1,3,1,1,2,3,1,2
87,3,1,3,1,2,2,1,3,1,1,1,1,1,1,1,1,1,1,2,1,1,1,3,1,1,1,1,1,1,1,1,1,1,1,2,1,1,1,1,1,1,1,1,1,1,1,1,1,1,1,1,2,2,2,1,1,1,3,1,1,1,3,1,1,1,1,1,1,1,3,1,1,1,1,1,3,1,1,2,2,1,1,1,1,2,1,3,1,1,1,1,1,1,2,1,1,2,1,2,1
88,2,1,3,1,1,1,1,1,1,1,1,1,1,1,1,3,1,2,1,3,1,1,1,2,1,1,1,3,1,1,3,1,1,1,1,2,1,1,1,1,1,1,1,1,1,1,1,1,1,2,1,1,2,1,1,3,1,1,1,3,1,3,1,2,3,1,2,2,1,3,1,3,1,3,3,1,1,1,1,1,3,1,1,2,1,3,1,1,1,1,1,3,1,3,1,3,1,3,1,2
89,1,2,1,1,3,1,1,2,1,1,2,3,1,1,1,3,2,1,1,1,1,1,3,1,2,1,1,1,2,2,2,1,1,1,3,1,1,2,1,2,1,2,1,1,2,1,1,1,1,2,1,1,1,1,2,2,1,3,1,1,1,2,1,1,3,2,1,2,2,1,1,1,1,1,1,2,1,1,2,1,1,3,2,1,1,3,2,3,1,1,1,3,1,3,1,1,3,1,1,1
90,1,1,3,1,1,1,3,1,1,3,3,1,1,2,1,1,2,1,1,1,2,1,1,2,1,1,2,1,1,3,1,1,1,3,1,1,1,1,1,3,1,1,1,1,1,1,3,1,1,3,1,1,1,1,1,1,1,2,1,1,3,2,1,1,1,2,3,1,1,1,1,2,1,1,3,1,2,3,2,1,1,1,1,3,1,1,1,2,2,3,3,2,1,1,3,1,1,2,1,1
91,1,2,1,1,1,3,3,1,1,1,1,1,1,3,3,2,2,3,1,1,1,1,1,2,2,1,1,1,2,1,1,1,1,1,1,3,1,1,1,2,2,1,1,1,1,1,1,1,1,1,1,1,1,1,2,1,1,1,1,3,3,1,1,2,1,1,1,1,2,3,3,1,1,1,3,1,1,1,3,1,3,1,1,3,1,1,3,2,1,1,1,1,2,1,1,3,1,3,1,3
92,1,1,1,3,3,1,3,3,1,1,1,2,1,1,1,1,1,1,1,1,2,3,1,1,1,1,1,1,1,1,1,1,1,1,1,2,1,1,1,1,1,1,1,2,1,1,2,1,2,1,1,1,1,1,1,3,3,3,2,1,1,1,3,1,1,1,1,3,2,3,1,1,1,1,1,1,1,3,1,1,2,2,1,2,1,1,1,1,1,1,1,1,1,1,1,1,1,3,1,1
93,1,3,1,1,1,1,1,1,1,1,3,1,3,3,1,1,1,2,1,2,3,1,1,1,3,2,3,1,1,2,2,3,1,1,1,3,1,1,1,2,3,3,1,2,1,2,3,1,1,1,1,1,1,1,3,1,1,1,2,1,1,1,2,2,1,1,1,3,1,1,2,3,3,1,1,1,1,1,1,1,3,1,1,1,1,3,1,1,1,1,1,1,1,1,2,2,1,3,1,1
94,2,1,1,1,1,1,3,3,1,1,1,1,1,1,1,1,1,1,2,1,2,1,1,1,1,1,1,1,1,1,1,1,2,1,3,1,1,3,1,1,1,1,1,1,1,2,1,1,2,1,1,1,2,1,1,3,1,1,1,1,1,2,2,1,1,1,3,2,3,1,1,1,2,1,2,1,2,1,1,1,1,2,2,1,1,1,1,3,1,1,3,1,3,1,3,1,1,1,3,1
95,2,1,1,1,1,3,1,3,2,1,1,1,3,1,1,3,1,3,1,1,1,1,3,1,1,1,3,2,1,1,1,2,1,1,1,3,1,3,1,1,1,1,2,1,1,1,1,1,3,3,1,3,1,1,1,2,1,1,1,2,1,1,1,1,1,1,1,1,1,3,1,1,2,1,1,1,1,1,3,1,1,2,1,2,2,3,1,1,1,1,1,3,1,1,1,3,1,1,1,1
96,1,1,2,1,1,1,1,1,1,1,2,1,1,1,1,1,1,1,1,2,1,1,1,2,1,1,1,1,1,1,3,2,1,1,3,1,2,1,1,1,3,2,3,1,1,1,1,1,1,1,2,1,1,1,3,3,1,1,1,1,2,1,1,1,1,1,1,1,1,1,2,1,2,2,1,1,1,1,3,2,2,2,3,3,1,1,1,1,1,1,3,1,1,1,1,1,1,2,1,1
97,2,2,1,1,3,2,1,1,1,1,1,1,2,2,1,3,1,1,1,3,1,1,1,1,2,1,2,2,1,1,1,3,2,1,3,3,3,1,1,1,1,2,2,1,3,2,2,3,2,1,1,2,3,1,1,1,2,2,1,1,1,1,1,2,1,1,1,2,1,1,2,1,2,3,3,1,1,1,2,1,1,1,1,1,1,1,1,2,1,1,2,2,3,1,1,1,1,1,1,1
98,1,3,2,1,1,1,2,1,1,1,1,1,2,1,3,1,1,1,1,1,3,1,1,3,1,1,1,1,1,1,2,1,3,1,3,1,2,3,3,1,1,1,1,1,1,1,1,1,2,1,2,1,1,1,1,3,2,1,1,1,2,1,1,1,2,1,1,1,1,1,1,1,1,3,1,3,3,1,3,1,1,3,3,2,3,1,1,1,1,3,1,3,1,3,1,1,1,1,2,1
99,1,1,1,1,3,2,1,2,1,1,1,2,3,1,1,2,2,3,1,2,1,1,3,1,1,1,2,1,1,3,2,1,1,1,1,3,3,1,1,1,3,1,1,1,1,1,1,1,1,1,1,1,1,1,1,3,1,1,1,1,3,1,1,2,1,2,2,3,2,2,1,1,1,2,1,2,1,1,1,1,1,1,1,1,1,2,3,1,1,1,1,1,1,1,1,1,1,3,1,1
100,1,1,1,1,1,1,1,1,1,1,1,2,1,1,3,3,1,1,1,1,1,1,2,1,3,2,1,1,2,1,2,1,1,3,1,3,1,1,1,3,1,1,1,1,1,1,1,1,1,1,3,1,1,3,1,1,1,1,1,2,1,2,1,1,1,1,1,3,3,3,3,3,1,1,1,1,1,1,1,1,1,1,2,1,1,1,1,1,1,1,2,1,3,1,1,1,3,1,1,1
101,1,1,2,1,1,1,1,1,1,2,1,1,1,1,1,1,2,1,1,1,1,1,1,1,2,1,2,1,1,3,2,2,1,1,1,1,1,3,1,1,1,1,1,1,1,2,2,1,3,1,1,1,1,1,2,1,1,1,2,1,1,2,1,3,2,2,1,3,1,1,1,1,2,3,1,1,1,3,1,1,2,1,2,1,2,1,3,1,1,2,1,1,3,3,1,1,1,2,1,1
102,2,1,3,1,1,1,1,1,3,1,1,1,1,1,1,1,1,1,1,1,1,1,3,1,1,2,3,1,1,3,1,1,1,1,1,1,1,2,1,1,1,1,1,2,1,1,1,1,3,1,1,1,1,3,2,1,1,1,1,1,3,1,1,1,1,1,1,1,2,1,3,1,1,2,3,1,1,1,3,3,1,1,1,1,3,1,1,3,3,1,1,1,1,1,1,1,1,1,1,3
103,1,1,1,1,1,1,1,1,3,1,1,1,1,1,1,1,1,1,1,2,1,2,2,3,1,3,1,1,1,1,1,1,1,1,1,1,1,1,1,1,1,1,3,2,1,1,1,2,1,1,1,2,1,3,1,1,1,1,1,1,1,3,1,3,3,1,1,1,1,3,1,2,2,1,1,2,1,1,2,3,1,3,1,2,2,1,2,2,1,2,3,1,1,3,1,1,1,1,3,1
104,3,2,1,1,2,1,3,3,1,1,1,1,1,1,1,1,1,1,3,2,3,2,3,2,1,1,2,1,3,2,3,1,1,1,1,3,3,2,2,2,3,1,3,2,1,1,1,2,1,2,1,1,1,1,2,1,1,1,3,1,1,1,1,3,1,2,2,2,3,3,2,1,1,3,1,2,1,1,1,1,1,1,1,1,3,2,1,2,3,1,3,1,3,1,1,3,1,2,1,3
105,1,3,2,3,3,1,1,1,1,3,1,1,3,2,1,1,1,3,1,2,1,1,1,2,1,1,1,1,1,1,3,1,1,2,1,1,1,1,1,1,3,1,2,3,2,3,1,1,3,2,3,3,2,1,1,2,1,1,3,1,1,1,2,1,1,1,1,1,1,3,1,1,1,1,2,1,1,1,1,1,1,1,1,1,3,1,3,1,1,1,1,1,3,3,1,1,1,1,1,1
106,1,2,3,1,3,1,3,1,1,2,1,1,1,1,1,2,1,3,1,2,1,2,1,1,1,2,1,2,1,3,1,1,2,1,1,1,1,2,1,1,2,1,2,1,3,1,3,3,3,2,1,1,1,1,1,1,1,2,1,2,2,1,1,1,1,3,1,1,3,1,1,1,3,3,2,1,1,1,1,1,3,1,1,1,1,1,1,1,2,2,2,1,1,1,2,3,1,1,3,1
107,1,1,3,1,3,1,1,1,3,1,1,1,1,1,1,1,1,1,1,1,1,1,1,1,1,2,2,2,1,1,1,3,3,1,1,1,1,2,2,1,1,1,1,3,1,1,1,3,2,1,3,1,1,1,1,1,1,1,3,1,2,3,2,1,2,1,2,1,1,1,3,2,3,1,1,1,1,2,1,1,2,1,3,1,1,3,1,2,2,1,1,1,1,1,2,3,1,1,1,1
108,1,3,3,1,2,1,1,1,1,2,1,1,1,2,1,1,1,1,2,2,1,1,2,1,1,1,3,3,1,1,3,2,3,3,1,1,1,1,2,1,1,1,3,3,1,1,1,2,1,1,2,3,1,1,3,2,1,2,2,1,1,2,1,1,1,1,1,2,1,1,2,1,1,1,1,3,2,2,1,1,1,1,3,1,3,3,1,1,1,2,1,1,1,1,1,1,1,1,1,1
109,3,1,1,1,1,1,1,1,2,1,1,1,3,1,1,2,1,1,1,3,1,2,3,1,1,1,2,3,1,1,3,1,1,2,1,1,1,2,3,1,1,2,1,1,3,3,3,2,1,1,1,1,1,1,1,1,1,1,2,2,1,2,1,1,1,2,1,3,1,2,1,1,3,3,2,1,1,1,1,1,1,1,1,2,1,1,1,1,1,1,1,2,1,1,1,1,1,1,1,1
110,1,2,1,1,3,3,1,1,1,1,3,1,1,1,1,3,2,3,1,1,1,1,3,1,1,1,3,1,3,1,1,1,1,1,1,1,1,1,1,1,1,2,2,1,1,1,1,1,2,1,2,1,1,2,1,3,2,1,1,1,2,1,1,1,1,1,1,2,3,2,2,1,1,1,1,1,1,1,1,2,1,3,1,2,1,1,2,1,1,1,1,1,1,1,1,1,1,1,1,1
111,1,1,1,2,2,1,1,1,1,1,2,1,1,1,1,1,1,1,1,1,1,1,1,1,1,1,3,1,1,1,1,1,2,1,1,1,1,2,1,2,1,1,3,1,1,3,1,1,3,1,1,3,3,2,3,2,1,2,2,3,3,1,1,1,2,1,1,1,1,3,1,2,1,1,1,1,1,2,2,1,1,3,1,2,1,1,1,1,1,1,1,1,1,1,1,1,3,1,1,1
112,1,1,1,1,2,1,1,3,1,1,1,1,1,1,1,1,1,1,1,3,1,1,1,1,3,1,1,1,1,1,2,1,1,3,1,2,1,1,2,1,2,1,1,1,2,1,3,3,1,1,1,3,3,1,1,2,2,1,1,2,1,1,1,1,1,1,1,2,1,1,1,3,1,1,1,1,1,3,1,1,1,1,1,1,1,1,1,1,1,1,1,1,1,2,1,1,1,1,1,2
113,1,1,1,1,2,1,1,3,1,3,1,1,2,1,1,2,1,3,1,1,1,3,1,3,3,1,3,3,1,1,1,1,1,1,1,2,1,1,1,2,1,1,1,1,2,3,2,3,1,1,1,1,1,1,2,1,1,1,1,1,1,1,1,1,1,1,1,1,1,1,1,1,3,1,1,1,3,1,1,1,1,2,1,1,2,1,3,1,1,2,2,1,3,1,1,1,3,1,1,1
114,2,2,1,1,2,1,3,1,1,1,3,1,1,1,2,1,1,3,1,3,1,1,1,3,1,3,1,1,1,1,1,1,1,3,1,3,1,1,1,1,3,1,2,1,2,2,1,1,2,1,1,3,1,1,3,1,1,1,1,3,2,2,1,1,1,1,2,3,2,1,1,1,1,1,1,2,3,1,1,1,1,1,1,1,2,1,1,2,1,1,1,1,2,1,1,1,2,2,1,1
115,3,1,3,1,3,3,1,1,1,2,1,1,2,2,1,1,3,1,1,1,1,3,3,1,1,1,1,1,3,3,1,2,1,1,2,1,1,2,1,1,1,3,3,2,1,1,2,1,2,3,3,1,1,3,1,2,1,3,1,1,1,1,3,2,1,1,1,2,1,1,1,1,2,1,1,1,3,1,2,1,1,1,1,1,3,2,3,1,1,1,3,2,3,3,3,1,1,1,1,1
116,1,1,1,1,3,1,1,1,2,2,1,1,3,3,1,1,1,1,2,1,1,3,1,1,1,1,1,1,1,2,1,1,1,1,1,3,1,1,1,1,1,2,2,1,3,2,2,3,1,2,1,1,1,2,1,1,1,1,1,1,1,1,1,1,2,1,1,2,1,1,3,1,1,1,3,1,1,2,1,1,1,2,1,3,1,1,1,1,1,3,3,1,3,2,2,2,1,1,3,2
117,1,1,1,2,1,1,1,2,1,1,1,1,2,1,1,1,1,1,2,1,1,1,1,3,1,1,1,1,1,1,2,1,1,1,1,1,1,1,3,1,2,1,1,3,3,1,1,2,1,1,1,1,1,1,3,1,3,1,1,1,1,3,1,3,1,1,3,1,2,1,1,2,1,1,3,3,1,1,2,1,1,2,1,1,3,1,1,1,1,3,1,1,1,1,2,1,3,2,1,1
118,1,1,1,2,3,3,1,1,2,1,1,3,1,1,2,1,1,1,1,1,1,1,1,2,1,2,1,1,1,1,1,1,3,1,1,1,1,1,2,1,2,2,3,3,3,1,3,1,1,2,1,2,1,3,2,1,1,1,1,1,3,1,1,1,1,1,1,1,1,3,1,2,1,1,1,3,2,2,1,1,2,1,2,1,1,1,1,1,3,2,2,1,1,1,1,1,1,1,1,1
119,1,3,1,3,1,1,1,1,3,1,1,1,3,1,1,1,1,2,1,1,1,1,3,3,2,3,1,3,2,1,1,1,1,3,1,1,2,3,3,1,3,1,1,3,1,3,2,1,2,3,3,2,1,1,2,3,1,3,1,1,3,1,1,1,2,1,3,1,2,1,3,1,1,1,1,3,1,3,3,1,1,2,1,1,1,1,3,2,1,1,1,1,1,1,1,1,1,1,3,3
120,1,1,1,1,1,1,3,1,1,1,3,2,1,1,2,1,2,1,2,1,1,1,1,1,1,1,1,2,1,2,1,1,1,1,1,1,1,1,1,1,1,1,2,2,1,3,1,2,1,1,1,1,1,1,1,1,1,1,1,2,1,1,1,1,2,1,3,1,1,1,1,2,1,3,1,1,2,3,1,1,1,1,1,1,1,1,3,1,2,1,3,1,1,1,1,1,1,2,1,1
121,1,3,1,1,1,1,1,3,3,3,1,1,1,2,3,1,1,2,1,1,3,2,1,1,1,3,1,1,1,1,1,1,2,3,1,1,1,3,1,1,1,1,1,2,1,1,2,1,1,2,1,1,1,1,1,3,1,1,2,1,1,3,1,3,1,1,1,1,1,1,1,1,1,3,1,1,1,1,1,1,1,1,1,1,1,2,1,2,1,1,1,3,1,1,1,1,3,1,3,1
122,1,1,1,3,1,1,1,1,1,2,1,1,1,1,1,2,1,1,1,1,2,1,3,1,1,1,1,1,2,2,2,2,1,1,1,1,1,1,1,1,1,2,1,1,2,2,2,1,3,3,3,1,1,1,1,1,1,2,2,2,1,1,1,1,1,1,1,1,1,2,3,1,2,1,2,1,3,1,2,1,1,1,1,1,1,3,1,1,1,3,1,1,1,3,2,1,1,3,1,1
123,1,1,1,3,1,1,2,1,1,3,2,1,1,1,1,3,3,1,1,1,1,1,1,3,1,3,2,2,1,1,2,1,2,1,2,1,1,2,1,3,1,1,1,1,1,1,1,1,1,1,2,2,1,1,2,2,1,1,1,1,1,1,1,2,1,1,1,1,1,1,1,1,1,2,3,1,1,1,3,1,1,1,2,3,1,2,1,1,2,1,1,1,1,1,1,3,2,1,1,3
124,1,1,1,1,1,1,1,1,1,1,1,1,1,3,1,1,3,1,1,1,1,1,3,2,1,1,3,3,1,1,1,3,1,3,1,1,3,3,1,1,1,3,1,1,1,3,1,1,1,1,3,3,1,2,1,1,2,1,1,3,3,1,3,1,1,1,1,1,2,1,1,1,1,1,3,1,3,1,1,1,1,1,1,3,1,1,1,1,1,3,2,2,1,1,1,1,1,1,1,1
125,1,2,3,1,1,1,3,1,3,3,1,1,1,1,1,1,1,2,1,3,1,2,1,1,1,1,3,1,1,1,1,1,1,1,1,2,1,3,1,1,2,1,2,1,2,3,3,1,1,2,1,1,3,3,1,1,1,1,1,1,3,1,1,1,2,2,1,1,3,2,3,2,1,1,1,1,1,2,1,3,1,1,1,1,3,2,1,1,1,1,1,3,1,1,3,1,1,1,1,1
126,1,3,1,1,1,1,1,1,2,1,3,1,1,1,1,1,1,1,2,1,1,1,1,1,1,1,1,2,1,3,3,1,3,1,1,1,2,1,1,2,1,1,1,2,1,1,1,1,2,1,2,1,2,1,3,1,1,3,3,3,1,1,2,1,1,2,2,1,3,1,1,1,3,1,1,1,1,1,1,2,1,3,3,3,3,1,2,1,1,3,1,1,1,1,1,1,1,1,1,1
127,2,1,1,1,1,3,1,1,1,2,3,1,2,1,2,1,3,1,1,1,1,1,2,2,3,1,1,1,1,1,2,1,2,1,1,1,1,3,3,1,1,3,1,1,1,2,1,2,1,1,1,1,3,1,1,2,3,1,1,1,3,3,1,1,1,1,1,3,2,1,1,1,1,3,1,3,2,1,1,1,1,1,3,1,1,1,2,1,1,1,1,2,1,1,1,1,1,1,3,1
128,1,1,1,3,2,1,2,1,3,1,1,1,1,1,1,2,1,1,3,2,1,2,1,3,1,1,1,2,1,3,1,1,1,2,3,1,1,1,1,1,1,1,1,1,3,1,1,2,3,3,3,1,1,1,1,1,1,1,1,2,1,1,1,1,3,1,1,1,1,1,1,3,1,1,1,1,1,3,2,3,1,3,1,3,1,1,3,1,1,1,3,3,1,1,3,1,3,1,1,1
129,3,1,3,1,1,2,2,3,1,1,1,2,1,1,2,1,1,1,3,1,1,1,1,1,3,1,1,1,1,2,1,1,1,2,1,3,3,1,2,1,1,1,1,1,2,1,1,1,3,1,2,1,1,1,3,1,3,1,2,3,1,1,2,1,1,1,1,2,1,1,1,2,3,3,1,1,1,1,1,2,3,3,1,2,2,1,1,1,3,3,2,1,3,3,3,2,1,3,1,1
130,1,3,1,1,1,3,3,2,1,1,1,3,3,1,3,1,1,3,3,1,1,1,1,1,1,1,1,1,3,1,1,1,3,1,2,1,1,1,2,1,1,1,1,2,1,3,1,2,1,1,1,1,1,1,1,1,1,3,1,3,1,1,2,1,1,1,1,1,3,1,1,1,1,1,1,1,1,1,3,1,2,1,3,1,3,1,3,1,1,2,1,3,1,1,1,3,1,1,1,3
131,2,1,1,1,1,1,1,3,1,1,1,1,1,1,1,1,3,1,1,1,1,1,1,1,1,1,1,1,1,1,1,1,3,1,1,1,1,1,1,1,2,1,1,1,1,1,3,3,3,3,1,1,1,1,1,1,2,3,3,1,3,2,1,2,2,3,1,1,1,1,2,1,1,1,1,1,3,1,1,1,1,1,2,1,1,1,1,1,1,2,3,1,1,2,1,2,1,3,1,1
132,1,1,3,1,2,1,1,1,1,1,3,1,1,1,1,2,1,1,1,1,1,1,3,3,3,1,1,3,1,2,3,1,2,1,1,1,1,1,3,1,2,1,1,1,1,2,1,2,1,1,3,2,1,1,1,1,1,1,1,1,1,1,2,1,3,1,1,1,2,1,1,1,3,1,2,1,1,1,2,1,1,3,1,1,2,1,2,1,1,1,2,3,2,2,1,1,1,1,1,1
133,1,1,2,3,1,1,1,2,1,1,1,1,1,1,1,1,2,1,2,2,1,2,1,1,1,1,1,1,1,3,2,1,1,1,1,1,1,1,1,3,1,1,1,1,1,1,3,1,1,1,1,3,1,3,2,1,3,1,1,1,1,3,1,1,1,1,1,1,1,3,1,1,3,1,1,2,2,1,1,1,3,1,2,1,1,1,1,1,1,1,1,1,1,1,1,1,1,2,1,1
134,2,1,1,1,1,1,2,1,1,1,1,2,3,1,1,1,1,1,2,1,2,1,1,3,3,1,2,1,1,1,1,1,1,1,2,1,1,1,2,2,3,1,1,2,1,1,1,1,1,1,2,1,1,1,1,1,1,1,1,1,2,1,1,3,1,1,3,3,1,1,1,1,2,1,1,2,2,1,1,1,1,1,3,3,1,1,1,2,3,3,3,1,1,1,1,1,1,1,1,1
135,1,1,1,1,1,1,2,1,1,1,3,3,3,1,1,1,1,3,3,3,1,1,1,1,1,2,1,1,3,2,1,1,1,3,1,1,2,1,1,1,3,1,1,1,3,1,1,1,1,1,1,1,2,1,3,1,3,1,1,1,3,1,1,1,2,1,3,1,3,1,1,1,1,1,1,1,1,1,1,3,1,2,1,1,1,1,3,2,1,1,1,1,2,1,3,1,1,3,3,1
136,1,2,2,1,1,2,3,2,3,1,1,1,1,2,1,1,1,1,3,1,2,2,1,1,1,1,1,1,3,3,1,3,3,3,2,1,2,1,1,1,1,1,1,1,2,3,1,1,1,1,2,1,1,1,1,1,3,1,1,1,1,1,1,2,1,2,1,1,1,2,1,1,1,1,2,1,1,1,2,2,1,1,1,1,1,1,2,1,2,1,2,1,1,3,1,2,1,1,2,1
137,1,2,1,1,1,1,1,3,3,1,3,2,1,2,3,1,1,1,1,2,3,2,1,3,1,2,1,2,2,1,1,1,3,1,1,1,1,1,1,1,3,1,3,1,1,1,1,3,1,1,3,1,3,1,1,1,1,1,1,1,1,1,1,1,3,3,2,1,1,1,1,1,1,3,1,1,1,1,1,1,1,1,1,1,1,1,1,1,2,1,1,1,1,3,1,1,1,1,2,1
138,2,2,2,1,3,1,1,2,1,3,1,3,1,1,1,1,1,3,1,1,1,3,1,1,1,1,1,2,2,1,1,1,1,3,2,1,2,1,1,3,2,1,3,1,3,1,2,2,1,3,1,1,1,2,3,3,1,1,3,3,3,1,3,1,1,1,1,1,1,1,2,1,2,3,1,1,1,1,1,1,1,1,1,1,3,1,1,2,1,1,1,1,1,1,3,1,1,1,1,1
139,1,1,1,1,2,1,1,1,3,1,1,2,1,3,3,1,1,1,1,1,1,1,1,1,1,1,1,1,1,1,1,2,1,1,3,2,1,1,1,1,1,1,1,1,1,1,1,3,1,1,1,1,1,1,1,1,1,1,2,1,1,1,3,1,1,2,1,1,1,1,1,2,1,1,1,1,1,1,1,3,1,1,2,1,3,2,1,3,2,1,1,1,1,1,1,2,3,1,1,1
140,1,1,2,1,3,3,1,3,1,1,2,1,3,2,1,1,1,1,3,1,1,1,1,1,3,1,1,3,1,1,1,1,1,1,1,1,1,1,1,3,2,3,1,3,1,1,1,2,1,1,1,1,1,1,1,1,1,1,1,2,1,1,3,1,1,1,1,1,1,1,1,1,1,3,1,3,1,2,1,2,1,1,1,1,1,1,1,3,1,1,3,1,1,1,1,1,2,1,3,3
141,1,1,1,1,1,1,1,1,1,2,2,3,2,2,2,1,3,1,1,2,1,1,1,1,3,1,1,1,1,1,1,1,2,1,1,1,1,1,3,1,2,2,2,2,2,1,1,1,1,1,1,1,2,1,1,1,3,2,1,2,1,1,1,2,1,1,2,1,1,1,1,2,3,1,2,2,1,1,1,3,1,3,1,1,1,1,1,1,1,1,3,2,1,3,1,1,1,1,1,1
142,1,1,2,1,3,1,2,2,1,1,1,1,3,3,3,3,1,1,3,1,2,1,1,1,3,1,1,1,1,1,2,1,1,1,1,1,1,1,2,2,1,1,1,2,1,1,1,2,1,1,1,3,1,1,2,1,3,1,1,1,1,1,1,1,3,1,3,1,3,3,1,1,1,3,1,1,1,1,1,2,1,2,2,1,1,1,1,2,2,1,2,1,2,1,1,3,1,2,1,2
143,1,3,3,1,1,1,1,1,1,1,1,3,2,3,1,2,1,1,1,1,1,3,1,1,1,1,2,1,1,1,1,2,1,1,1,2,1,3,1,3,1,2,1,1,1,1,1,1,1,1,1,1,1,3,2,1,1,1,1,2,1,3,1,1,1,1,1,1,3,3,1,1,1,1,1,1,1,1,3,2,1,1,1,1,1,1,2,1,1,1,3,1,1,2,1,1,2,1,1,1
144,2,1,1,1,1,1,3,1,1,1,2,1,1,1,1,1,1,1,1,1,1,1,1,1,1,1,2,1,1,1,1,1,3,2,2,1,1,1,3,1,1,1,1,1,1,3,1,1,1,2,1,1,1,2,1,2,1,1,2,1,1,1,1,1,3,1,1,1,3,1,2,1,1,1,1,1,1,1,2,1,1,1,1,3,2,1,1,2,2,1,3,1,1,2,3,1,1,2,1,3
145,1,1,1,1,1,3,2,1,1,1,1,3,1,1,2,1,1,1,1,1,3,1,1,2,1,1,3,1,1,3,3,1,3,3,1,1,1,1,3,1,1,2,1,1,1,1,1,1,1,1,1,1,1,1,1,1,1,1,1,1,1,1,3,2,1,1,2,1,1,1,2,1,1,1,1,3,1,3,2,1,1,1,1,3,1,1,2,1,1,1,1,2,3,1,3,1,1,1,1,1
146,3,2,1,3,2,1,3,1,1,1,1,2,3,1,2,3,1,1,1,1,2,1,1,2,1,1,3,3,1,1,1,1,1,1,1,1,1,1,3,1,1,1,1,1,1,1,2,3,1,2,2,1,1,1,1,1,1,3,1,1,1,2,1,1,1,3,2,1,3,1,2,3,1,1,3,1,3,1,1,2,1,1,1,1,1,1,1,1,1,1,1,2,3,1,3,1,2,1,1,2
147,1,3,3,1,1,3,3,1,1,1,1,3,1,1,1,1,1,1,1,1,1,2,1,3,1,1,1,1,2,1,1,1,2,2,1,1,1,3,1,1,2,2,3,1,1,1,3,2,1,1,1,1,1,1,1,1,2,3,1,1,2,1,2,3,1,1,1,3,1,3,2,2,1,1,1,1,3,1,1,1,1,1,3,1,1,1,1,1,2,1,2,1,1,1,1,1,1,2,1,1
148,2,1,1,3,1,1,1,1,2,1,1,2,1,3,3,1,1,1,1,3,1,1,2,1,1,1,2,2,1,1,1,2,2,1,1,1,3,1,1,1,1,1,1,1,1,1,1,1,3,1,1,1,1,1,1,1,1,3,1,1,1,1,2,1,1,1,1,1,1,1,3,3,1,1,3,2,1,2,1,1,1,1,1,1,2,1,1,1,1,3,1,1,1,1,1,1,3,2,2,1
149,2,1,1,1,1,1,2,1,1,1,1,2,2,3,1,1,1,1,1,1,2,2,1,1,2,1,3,1,1,1,1,3,2,1,1,2,2,1,1,1,1,1,1,1,1,1,1,1,1,3,1,1,2,1,2,3,1,1,1,1,2,1,1,2,2,1,1,1,1,1,1,2,1,3,1,1,1,1,1,2,1,1,1,2,1,1,1,1,1,2,1,1,1,1,3,1,1,2,1,1
150,1,1,3,1,1,1,1,3,2,1,1,1,1,1,1,3,1,2,1,1,2,1,2,2,1,1,3,2,2,1,1,1,1,3,1,1,3,1,1,1,2,1,3,1,3,1,1,1,2,1,1,1,1,1,3,1,1,1,3,2,1,1,2,3,1,1,3,1,1,3,2,1,1,1,1,1,1,1,1,2,1,2,1,2,1,3,1,1,1,1,1,3,1,1,1,3,1,1,1,3
151,1,1,1,1,1,1,1,1,3,1,1,1,3,1,2,1,1,1,1,1,1,3,2,1,1,3,1,1,1,2,1,1,3,2,2,1,1,1,1,2,2,3,1,3,3,1,1,3,1,1,1,3,1,1,1,1,1,1,1,3,3,2,1,3,1,3,1,1,2,1,3,1,1,1,1,1,1,3,3,1,1,1,1,1,2,1,1,1,1,1,1,1,3,1,2,1,3,3,2,1
152,1,1,1,1,3,1,2,1,1,1,1,3,3,2,1,1,1,1,1,3,3,1,1,1,1,1,1,1,1,1,2,3,1,1,1,1,3,1,1,2,1,1,1,2,1,2,1,1,3,1,1,1,1,1,1,2,3,1,1,1,2,3,1,1,1,1,1,3,1,1,1,1,1,2,3,1,3,1,2,1,1,3,1,1,2,1,2,1,3,1,2,2,3,1,1,3,1,3,3,3
153,3,1,1,1,1,1,1,1,1,2,1,1,1,1,1,3,1,1,2,1,1,3,1,2,1,2,1,1,1,1,1,1,1,1,1,1,1,1,1,2,1,3,3,1,1,2,1,1,3,1,1,1,2,1,1,1,3,3,1,1,1,3,1,1,2,1,1,1,3,1,2,1,3,1,1,1,1,3,1,1,2,1,3,1,1,1,1,1,3,3,1,2,1,1,1,3,1,1,3,1
154,1,1,1,2,2,2,3,1,2,1,1,1,1,2,1,2,2,1,3,3,1,1,1,1,2,1,1,3,1,1,1,1,1,1,3,2,1,3,1,1,1,1,1,1,1,1,1,1,1,1,2,1,1,2,1,1,3,3,1,1,2,1,1,2,2,1,1,1,3,1,2,1,2,2,2,1,3,1,1,1,1,1,1,1,1,2,1,2,1,1,1,1,2,3,1,1,1,1,1,1
155,1,2,1,1,1,3,2,1,2,1,2,1,1,2,1,1,1,1,1,3,1,1,1,1,2,1,1,1,2,1,1,1,1,1,1,1,1,1,1,1,1,2,1,1,3,3,1,3,1,1,1,1,2,1,1,1,1,2,2,1,2,1,1,1,1,1,1,1,1,1,1,1,1,2,2,1,2,1,2,1,2,1,1,1,1,2,1,1,2,2,1,2,1,1,1,1,1,1,1,1
156,3,1,1,1,2,1,1,3,1,1,1,1,1,1,1,1,1,1,1,1,1,1,1,1,3,1,1,1,3,1,1,2,1,1,1,1,2,1,2,2,2,1,3,2,1,1,1,2,1,1,1,3,1,3,1,1,3,1,2,2,1,3,1,1,1,1,3,2,3,1,2,1,1,1,1,3,1,1,1,2,3,1,1,1,3,1,1,1,1,1,1,1,1,2,3,3,1,2,1,1
157,3,1,2,1,1,1,1,1,1,1,3,1,1,2,2,3,3,1,1,2,1,1,1,1,1,3,1,1,1,1,1,1,3,3,1,1,3,2,1,1,1,2,2,1,1,1,1,1,1,1,1,1,1,2,1,2,1,1,1,1,2,1,1,1,1,1,1,1,1,2,1,3,1,1,1,1,1,1,2,1,1,1,2,1,1,1,1,1,3,3,1,1,1,3,1,1,1,1,3,2
158,1,1,1,1,1,1,1,2,1,1,3,2,2,1,1,1,1,1,2,1,1,1,1,1,1,3,1,1,1,1,1,1,3,1,2,1,1,3,2,2,1,2,2,3,1,1,1,3,1,1,1,1,1,2,1,3,2,3,1,1,1,1,1,1,1,1,1,1,1,1,1,1,1,1,3,1,2,1,1,1,1,1,1,2,2,2,1,3,3,1,1,1,1,1,1,1,1,3,1,1
159,1,1,1,1,1,1,2,1,1,3,1,1,3,1,1,1,3,2,1,1,3,1,1,2,3,1,1,1,1,1,2,3,1,3,2,1,1,1,1,2,3,1,1,1,1,1,1,1,3,1,1,1,1,3,1,1,1,1,1,1,1,1,1,1,1,2,1,2,1,2,1,1,1,1,1,1,2,1,1,1,2,1,3,1,3,1,1,3,1,1,2,3,1,1,3,2,2,1,1,3
160,1,1,1,3,1,1,1,1,1,1,1,3,1,1,1,1,1,1,1,1,1,2,1,2,1,3,1,1,1,1,1,1,2,1,3,2,1,2,1,1,1,1,1,1,1,1,1,3,1,1,1,1,3,2,1,1,3,1,3,2,1,1,1,1,2,1,2,2,2,3,3,1,1,3,1,1,1,1,1,1,1,1,1,1,3,1,1,3,2,1,1,1,1,1,1,1,1,2,1,1
161,1,1,1,1,1,2,1,1,3,3,1,2,1,1,1,1,1,2,1,1,1,1,1,2,1,1,1,1,1,1,2,1,1,1,1,1,2,1,1,1,2,1,2,2,1,1,1,1,3,3,3,1,1,1,1,3,1,1,1,1,2,3,1,2,3,1,3,2,1,2,1,1,1,1,2,1,1,1,1,1,2,2,1,1,3,1,1,1,1,1,2,1,1,2,2,1,1,1,3,1
162,2,1,2,1,1,2,1,2,1,1,2,1,3,1,1,1,1,3,1,1,1,3,1,1,3,1,3,1,1,1,1,1,1,1,1,1,2,1,1,1,3,1,2,1,1,1,1,1,2,1,1,2,1,2,1,3,1,1,1,1,3,3,1,1,1,3,1,1,1,1,1,1,1,1,1,1,1,1,1,3,1,1,1,3,2,3,1,1,1,1,1,2,1,2,1,1,2,1,3,1
163,1,1,1,1,1,1,1,1,2,1,1,1,1,2,1,1,1,3,3,1,1,1,1,1,1,1,1,1,3,1,1,3,1,1,3,3,1,1,1,1,1,1,1,1,1,1,1,1,2,1,1,1,1,2,1,1,3,1,1,3,1,2,3,1,1,3,3,1,1,2,1,2,1,1,2,2,1,1,1,3,2,2,2,2,1,1,1,2,1,1,1,2,1,1,1,1,1,1,1,3
164,1,1,2,2,1,1,1,1,1,1,3,1,1,1,3,1,1,1,1,1,1,1,1,3,2,1,3,1,1,1,3,2,1,1,1,1,1,1,3,1,1,1,1,1,1,1,1,2,3,1,2,2,2,3,3,1,1,2,1,1,1,1,3,3,3,1,2,1,1,1,1,2,1,3,2,1,1,3,1,1,1,3,1,1,1,1,1,2,1,1,3,1,1,1,1,1,1,3,1,1
165,1,1,1,3,1,1,1,1,2,1,1,1,1,1,2,1,3,1,3,1,1,1,3,3,1,1,1,1,1,2,1,1,1,1,1,1,1,1,1,1,1,1,1,1,2,1,2,1,1,1,3,1,2,2,1,1,1,1,1,1,2,1,2,2,1,3,1,1,1,1,1,1,3,3,1,3,2,1,1,3,1,1,2,3,2,2,3,1,1,3,1,1,1,3,1,1,2,1,2,3
166,1,1,1,1,1,1,1,2,1,2,3,3,1,1,2,1,2,1,1,1,1,1,1,1,1,2,1,1,1,1,1,3,1,1,1,1,1,1,3,1,2,2,2,1,3,1,2,1,3,2,3,1,1,1,1,1,1,2,1,1,1,1,1,1,1,1,1,1,2,1,1,1,1,1,1,1,1,1,1,1,1,2,2,1,2,1,3,1,1,1,1,1,3,3,1,1,1,1,1,1
167,1,1,1,1,1,1,1,1,1,2,1,1,1,3,3,1,2,1,1,1,2,2,3,1,3,1,1,1,1,1,1,1,1,3,1,1,1,3,1,1,2,1,1,1,3,1,1,1,1,1,1,1,1,1,1,1,1,3,2,1,1,1,1,1,1,1,1,1,3,3,1,1,2,2,1,3,1,1,1,2,1,1,1,1,1,1,1,1,1,1,1,1,1,1,1,1,1,1,1,1
168,1,3,1,1,1,2,2,1,1,1,1,1,1,1,1,1,1,1,1,3,2,3,2,1,1,2,1,1,1,1,1,1,1,1,1,1,3,2,2,1,1,1,2,1,1,1,3,1,1,1,1,1,2,1,1,1,1,1,1,3,2,3,1,1,3,1,1,1,1,1,1,1,1,3,3,2,1,2,2,2,2,1,1,1,1,1,1,1,1,1,2,3,1,2,3,1,1,2,1,1
169,1,1,1,3,1,3,1,1,1,3,1,2,1,1,1,1,1,1,2,1,2,2,1,1,3,1,1,1,2,2,1,1,1,2,1,1,2,2,1,1,1,1,1,3,1,1,1,1,1,1,3,1,2,1,1,1,1,1,1,1,1,1,2,1,1,3,3,1,1,1,1,3,1,1,1,1,2,1,1,1,1,3,1,1,1,1,1,1,1,2,1,1,1,1,1,2,2,3,1,1
170,1,1,1,2,1,1,1,3,2,1,2,1,1,1,1,1,2,1,2,3,2,1,3,1,1,1,1,2,1,1,1,3,1,1,1,3,1,1,3,1,1,3,1,1,2,1,2,1,1,1,3,1,1,2,1,1,2,1,1,3,2,1,3,1,2,1,1,1,1,3,1,1,1,1,1,1,3,1,3,1,1,1,3,2,1,3,1,1,1,2,1,3,1,3,2,1,1,3,2,1
171,1,1,1,3,2,2,1,1,1,1,3,1,1,1,1,1,1,1,1,1,3,1,1,2,2,1,1,1,3,3,1,1,2,1,3,1,1,1,3,3,1,2,1,1,1,1,1,1,1,3,2,2,1,1,1,3,2,2,2,1,2,2,1,1,1,2,3,2,2,1,1,1,2,2,2,1,1,1,1,1,1,3,1,1,3,1,1,2,1,3,1,1,1,1,3,2,1,1,1,1
172,1,1,3,1,2,1,1,1,1,1,1,1,1,1,1,1,1,1,1,1,1,1,1,1,1,1,1,1,1,1,3,1,1,1,1,1,3,1,3,1,3,3,1,1,1,2,1,1,1,1,2,3,1,1,1,1,1,2,1,2,3,1,1,1,2,3,1,1,1,1,3,1,1,1,1,1,1,3,1,1,1,3,1,1,3,1,1,1,1,1,2,1,2,1,1,1,2,2,2,2
173,1,2,2,1,1,1,1,1,1,1,3,2,3,1,1,2,1,1,1,1,1,1,1,1,2,1,3,3,1,3,1,1,1,1,3,1,1,1,2,1,1,1,1,1,3,1,1,1,1,1,1,1,1,1,1,1,1,1,3,1,2,1,1,1,1,1,1,2,3,2,1,2,2,1,1,1,1,1,2,1,1,1,1,1,1,2,2,3,1,1,1,1,1,1,3,3,1,1,1,3
174,3,1,1,2,1,1,1,1,2,1,1,1,3,1,3,1,1,1,1,1,1,1,1,2,1,1,2,1,3,3,1,1,2,1,1,1,2,1,1,1,1,3,1,1,1,1,1,1,2,1,1,1,1,2,2,3,1,1,1,3,1,1,1,1,1,1,1,3,3,2,1,1,1,2,1,3,3,1,2,1,1,1,1,1,3,2,1,1,1,1,1,1,1,1,1,2,3,1,2,2
175,1,1,1,2,1,1,1,1,1,1,1,1,1,1,1,1,1,1,1,3,1,1,1,1,2,1,1,1,3,3,1,2,1,2,1,1,1,1,3,2,1,1,1,1,1,1,1,1,1,1,1,1,2,3,1,3,1,1,1,1,1,1,2,1,1,3,1,1,1,1,1,1,2,1,1,1,1,2,2,1,1,3,3,1,1,1,1,1,3,1,1,1,3,2,3,2,3,1,1,1
176,1,3,1,1,3,1,1,1,1,3,2,1,1,1,1,2,2,3,2,3,1,3,1,3,1,3,1,1,3,1,1,1,1,2,1,1,3,2,3,1,1,3,1,1,1,3,1,1,1,1,3,1,1,1,1,2,1,1,2,1,1,1,1,1,3,1,2,1,1,1,3,2,3,1,2,1,1,1,1,1,3,1,1,1,1,1,1,3,2,1,1,1,2,2,1,1,1,2,3,2
177,1,1,1,1,3,1,1,1,2,2,1,1,1,3,1,1,1,1,3,2,1,3,1,3,1,3,2,3,1,1,1,3,3,1,1,1,3,2,1,1,3,1,1,1,1,2,2,1,1,2,1,2,1,1,1,3,1,3,3,1,2,3,1,3,1,2,1,1,1,1,3,1,1,1,1,1,2,1,1,1,1,1,2,3,1,3,1,1,1,1,1,1,1,1,1,1,1,1,1,1
178,3,1,1,2,1,3,1,1,1,2,1,1,2,3,1,2,1,1,3,1,2,1,1,1,1,1,2,2,1,1,1,2,1,3,1,1,1,2,3,1,3,1,2,2,1,1,3,1,1,2,1,1,1,2,1,1,1,1,2,1,2,3,1,3,1,1,1,1,1,1,1,2,1,1,2,1,1,1,1,3,1,1,1,1,1,1,2,1,3,2,1,3,1,1,1,3,1,1,2,3
179,1,1,1,1,2,1,1,1,1,3,1,3,1,1,1,3,3,1,2,2,1,2,1,1,3,3,2,2,2,1,1,1,1,3,1,2,1,3,1,3,2,1,1,1,1,1,1,3,1,1,3,1,1,3,1,1,1,1,1,1,1,2,1,1,1,1,1,1,1,1,1,1,3,1,2,2,2,2,2,3,1,1,1,1,2,1,1,3,1,1,1,1,1,1,2,3,1,1,1,1
180,1,1,1,1,1,2,1,2,1,1,3,1,3,1,1,1,1,1,1,2,1,2,2,1,2,1,1,3,1,1,1,1,3,1,3,2,1,1,1,3,1,1,1,1,3,1,1,3,2,2,1,1,1,1,1,1,2,1,1,2,1,1,2,1,1,1,1,1,2,1,1,1,1,2,1,1,1,1,1,1,1,1,1,3,1,1,1,1,1,1,1,1,3,1,1,1,1,1,1,1
181,1,3,3,1,1,2,1,1,1,1,1,1,1,1,1,1,2,1,1,1,1,1,1,1,1,3,1,1,1,1,1,2,2,2,2,2,1,1,1,1,1,1,1,1,2,1,1,1,2,1,1,1,1,3,1,1,1,1,1,1,1,1,2,3,1,3,2,1,3,2,1,1,2,2,3,1,3,1,1,1,1,3,3,1,2,1,1,3,1,2,1,1,1,1,3,1,1,1,1,1
182,1,1,3,1,3,1,1,1,1,2,1,1,1,1,1,1,1,1,3,1,1,2,1,1,2,3,3,1,1,1,1,2,3,2,2,1,1,2,1,1,2,1,3,1,1,1,1,1,1,1,1,1,2,1,1,3,1,1,2,1,1,1,3,1,2,1,3,1,2,3,3,1,1,1,1,1,1,2,1,2,1,1,1,1,1,2,1,1,2,1,3,1,2,1,1,1,1,2,1,1
183,1,3,1,1,1,1,1,1,1,1,1,1,1,1,2,1,3,1,1,2,3,1,1,1,1,1,3,1,1,1,1,1,1,1,1,1,1,1,1,1,2,1,1,1,1,1,1,2,1,1,1,1,2,2,1,1,1,1,3,1,3,1,1,2,2,2,2,3,1,1,1,3,2,1,1,1,1,2,2,3,1,2,2,2,1,1,2,1,3,2,1,2,1,1,2,1,3,1,1,1
184,3,1,2,1,1,1,1,1,2,1,1,1,1,1,2,3,1,1,1,1,1,1,2,1,1,1,3,1,2,3,2,1,1,2,2,1,1,1,1,1,1,3,3,1,1,1,3,1,2,1,1,1,1,1,3,1,1,1,1,2,1,1,1,3,1,3,1,1,1,1,1,1,1,1,3,2,1,1,2,3,2,2,1,3,1,1,1,2,3,1,1,1,1,1,1,1,1,1,1,1
185,2,1,3,1,2,3,1,2,1,1,1,1,1,1,1,1,1,1,1,1,1,3,2,3,1,1,1,1,1,1,1,3,1,1,1,1,3,1,1,1,1,1,2,1,2,2,1,1,1,1,1,1,1,2,1,2,1,1,1,1,1,1,1,1,1,1,1,1,3,1,3,1,3,1,2,2,3,1,1,1,1,1,3,1,1,1,3,1,1,1,1,1,1,1,1,1,2,1,1,1
186,1,1,3,2,3,1,1,1,2,3,1,1,3,1,3,2,1,3,1,3,1,1,1,1,1,2,1,3,3,2,3,3,1,1,1,1,1,1,2,3,2,1,1,3,1,1,1,1,2,1,1,1,1,1,1,1,1,3,2,1,1,1,1,3,3,2,1,2,1,1,1,1,3,2,1,3,1,1,1,3,1,1,1,1,1,1,1,2,1,1,2,1,1,1,1,2,1,2,1,2
187,3,1,3,1,1,3,3,1,2,1,1,1,3,1,1,3,1,1,2,1,3,1,2,1,1,1,1,1,1,3,3,1,3,1,3,1,2,1,1,3,1,2,1,1,1,2,1,1,1,1,2,3,3,1,3,2,1,1,3,1,1,2,1,1,1,1,2,1,1,1,1,1,3,1,1,2,1,2,2,2,3,1,1,2,2,2,1,1,1,1,1,1,2,1,1,1,1,2,3,1
188,1,1,1,2,1,3,2,1,1,1,1,1,1,1,1,1,1,1,3,2,1,1,1,1,1,2,1,1,1,1,1,3,1,2,2,1,1,1,1,1,1,1,2,3,1,1,1,1,1,2,2,1,1,1,1,2,1,1,3,1,1,1,3,1,1,1,1,1,3,2,3,1,1,2,1,2,3,1,1,2,1,1,1,1,1,3,1,1,3,2,2,3,1,2,1,1,1,1,1,1
189,1,1,1,1,1,1,1,1,3,1,1,1,1,1,1,1,2,1,1,3,1,1,3,3,1,1,1,2,1,3,1,1,1,1,1,1,1,1,1,1,1,3,1,2,1,1,1,1,1,1,1,3,1,3,3,1,1,1,1,1,1,1,3,1,1,3,1,3,1,1,3,1,1,1,1,1,2,1,1,1,1,2,3,2,1,1,3,3,1,2,1,3,1,3,1,1,3,1,2,1
190,1,1,3,3,2,1,1,1,2,1,2,3,3,1,3,1,3,1,3,1,1,1,1,1,3,1,1,1,1,2,1,3,1,1,1,1,1,3,1,1,1,1,3,1,1,1,2,1,1,1,1,1,1,2,3,1,1,1,1,2,1,1,1,1,1,1,1,1,1,3,1,3,1,1,2,1,1,1,1,1,1,3,1,1,1,1,3,2,1,1,2,1,2,1,2,1,2,1,2,3
191,3,2,2,1,3,2,1,3,1,1,1,1,1,1,1,3,1,1,3,2,2,2,3,3,1,3,1,1,3,1,1,1,2,2,2,1,1,1,1,1,1,1,1,1,1,1,3,1,1,1,1,1,3,2,1,1,1,1,1,1,1,3,1,2,1,1,2,3,1,1,3,1,1,1,1,1,1,3,1,1,1,2,1,1,1,1,1,3,1,2,1,1,2,1,1,3,2,1,1,1
192,1,1,1,1,1,3,1,1,3,3,1,1,1,1,1,1,3,1,1,3,1,1,2,1,1,1,1,3,1,1,1,1,1,1,1,1,3,1,1,1,2,1,1,1,1,2,1,1,2,1,1,1,1,1,1,1,1,2,1,1,1,3,1,1,1,1,1,1,1,1,1,1,2,1,1,2,1,3,2,1,3,1,3,1,1,1,1,1,3,1,2,1,2,1,1,1,2,3,2,1
193,1,3,1,1,3,3,3,1,3,1,1,2,3,2,3,1,1,1,1,1,1,2,1,1,1,2,1,1,3,1,1,1,1,1,3,1,1,2,1,1,1,2,1,1,2,1,1,1,1,1,2,3,1,1,3,3,1,1,1,1,1,2,3,1,1,1,1,1,1,1,1,1,3,1,1,3,1,3,1,1,1,1,1,1,2,1,2,2,1,2,1,1,1,1,2,1,2,1,3,1
194,1,1,3,3,1,2,2,3,1,3,1,1,2,1,1,3,3,2,1,3,2,3,1,1,3,1,3,1,1,1,1,1,2,1,1,1,1,1,1,1,3,1,2,3,1,3,1,1,1,1,2,3,1,1,1,1,2,1,1,1,3,1,1,1,2,1,3,3,3,1,1,1,3,3,1,3,1,1,1,1,2,1,3,1,1,1,1,3,2,3,1,3,2,1,2,1,1,1,1,1
195,2,2,3,1,1,3,1,1,1,1,3,1,3,1,2,2,1,1,1,2,1,3,1,1,1,1,1,1,1,1,1,3,1,1,1,3,3,1,1,1,1,1,1,1,2,1,1,2,3,1,1,2,1,1,2,1,1,2,1,3,1,3,1,2,1,3,3,1,1,1,2,1,1,1,1,1,2,1,1,1,1,1,1,1,3,1,2,1,1,1,1,1,3,2,1,1,1,1,2,1
196,1,2,1,1,1,1,1,1,1,1,1,1,1,1,1,1,1,3,2,1,1,1,2,1,1,1,1,1,1,1,1,3,2,1,1,2,1,1,1,1,1,3,1,3,1,2,1,1,1,1,3,1,1,1,2,1,3,3,3,1,2,2,1,1,1,1,1,1,1,2,1,3,2,1,1,1,1,1,1,3,1,1,1,1,1,1,1,1,1,1,1,1,2,1,2,3,2,1,1,1
197,3,3,1,1,3,1,2,1,1,2,2,1,3,2,1,3,1,1,3,1,1,1,1,2,1,1,1,1,2,3,1,1,1,1,2,2,1,2,2,3,2,1,1,3,3,2,1,1,1,1,1,2,1,1,3,1,1,1,1,3,1,3,1,1,1,1,1,1,1,3,1,1,1,3,1,3,2,2,1,3,2,1,3,2,1,1,1,1,2,3,1,3,1,1,1,1,1,1,2,1
198,2,1,3,2,1,2,3,1,2,1,1,1,1,3,1,1,1,1,3,2,1,2,1,1,1,2,3,3,1,1,1,1,1,3,1,3,1,1,2,2,1,3,1,1,2,1,1,1,1,1,1,1,1,3,1,1,1,1,1,1,1,1,3,1,1,1,3,3,1,1,1,1,1,1,1,1,1,1,1,1,2,1,2,1,1,3,1,1,1,1,1,1,1,3,1,1,1,2,1,1
199,1,1,1,1,1,2,1,3,1,1,1,1,1,2,1,1,1,1,1,1,1,3,1,1,1,1,2,1,1,1,1,2,1,1,1,1,2,1,1,1,1,1,1,3,1,1,1,1,1,1,1,1,1,1,1,2,1,1,1,1,1,2,1,1,1,1,1,1,1,1,1,3,1,1,1,3,2,1,1,1,3,1,1,1,1,1,1,1,3,1,1,1,1,1,1,1,1,1,1,1
200,1,1,1,2,1,3,1,1,1,1,3,1,1,2,1,1,1,1,3,3,1,1,3,1,1,1,1,2,1,3,2,2,1,1,1,1,3,1,1,1,1,1,1,1,1,1,1,2,1,1,1,1,1,1,1,1,2,3,3,1,1,1,1,1,3,1,1,1,1,3,2,1,1,1,1,2,1,1,1,1,2,3,2,1,3,2,1,2,1,3,1,3,1,2,1,3,1,1,1,2
201,2,1,1,1,2,1,2,1,1,2,1,2,1,1,1,2,2,1,3,3,1,1,1,1,1,1,2,1,1,1,1,1,1,2,1,1,1,1,2,1,3,3,1,1,1,1,3,2,2,3,1,1,1,3,2,1,1,1,1,1,1,1,3,3,1,1,2,1,2,3,2,1,1,1,1,1,2,1,1,1,3,1,1,1,2,2,1,3,1,3,3,1,2,2,1,1,2,1,1,2
202,3,2,1,1,3,1,1,1,3,2,3,1,3,1,1,1,2,1,1,1,1,1,2,1,3,1,3,1,1,2,1,3,1,1,1,1,3,3,1,3,1,1,1,1,1,1,1,1,1,1,3,1,1,1,1,1,3,1,1,3,1,1,2,3,1,3,1,1,1,1,1,2,3,1,1,2,1,1,2,1,1,2,1,1,1,1,1,1,1,1,1,1,1,1,1,1,1,3,1,1
203,1,1,2,2,1,1,1,1,1,1,1,1,1,1,1,1,3,1,1,1,1,1,2,2,1,3,1,1,2,1,2,3,1,1,3,1,1,3,1,1,1,1,3,1,3,1,2,1,1,1,1,3,1,1,1,1,1,1,2,1,1,1,1,3,1,1,2,1,1,1,2,3,1,2,2,2,1,2,2,3,2,2,1,1,2,1,3,1,1,1,1,2,1,1,1,3,3,1,1,1
204,3,1,1,1,2,1,3,1,3,1,3,1,1,2,1,1,1,1,3,1,1,3,1,2,1,1,1,1,3,1,1,2,1,1,1,2,1,3,2,1,3,1,3,1,3,1,2,2,1,1,1,1,2,1,2,1,1,3,1,3,2,1,1,2,1,3,1,1,3,1,3,1,1,2,2,1,3,1,1,3,1,1,2,1,1,1,1,1,1,3,1,3,1,2,1,1,1,1,1,1
205,2,1,3,1,1,1,1,1,1,1,1,2,3,1,1,1,1,1,1,1,3,2,2,1,2,1,1,1,2,1,1,1,1,1,1,1,1,2,1,1,1,2,1,2,2,1,1,1,1,1,2,1,3,1,1,1,1,1,1,2,1,1,1,1,1,1,1,3,1,1,3,2,2,1,1,1,3,2,3,2,1,1,1,1,1,3,1,2,3,1,1,1,1,1,3,1,1,2,1,1
206,3,1,3,2,3,1,1,1,1,3,1,3,2,2,1,1,1,2,1,1,1,1,3,1,1,1,3,1,1,1,1,1,1,1,2,1,2,1,1,1,2,1,1,2,2,1,2,1,1,1,1,3,2,3,1,2,1,1,1,1,3,1,1,1,1,3,1,1,1,1,3,1,1,1,1,1,1,2,1,1,1,1,1,1,1,1,1,1,1,1,1,1,2,1,2,3,1,3,1,1
207,3,1,1,1,1,2,1,1,3,1,1,1,2,3,1,3,1,1,1,1,2,1,1,1,2,1,1,1,1,3,3,3,3,1,1,1,1,1,1,2,2,2,1,3,1,2,1,1,1,1,1,1,2,1,3,1,2,1,1,2,1,1,1,1,2,2,3,1,1,1,1,1,1,3,1,2,1,2,1,1,1,1,1,1,1,2,1,2,3,1,3,1,3,3,3,1,1,1,2,2
208,1,1,1,3,1,3,1,2,1,2,1,1,1,1,1,2,1,1,1,1,1,1,1,1,1,3,2,3,2,1,3,3,1,1,2,1,1,1,1,2,1,1,2,1,1,2,1,3,1,2,3,1,1,2,2,3,3,2,1,1,1,1,1,2,1,2,2,1,1,3,1,3,1,1,1,1,1,2,1,1,3,1,1,1,1,3,3,3,1,3,2,2,1,3,1,3,3,1,1,2
209,1,1,1,1,1,1,1,1,1,1,1,1,1,3,2,3,2,1,2,1,1,3,1,1,1,3,2,2,1,1,1,1,1,1,1,2,1,1,1,3,1,3,3,1,1,1,1,2,1,1,1,3,1,1,1,1,1,1,1,1,1,1,1,3,1,2,2,1,1,1,1,1,1,1,1,1,1,1,1,1,2,1,1,1,1,1,1,1,1,2,1,1,1,2,3,2,1,1,1,1
210,1,1,1,1,1,2,1,2,1,1,3,1,2,1,1,2,1,1,1,1,3,3,1,2,3,3,1,3,3,3,1,1,1,1,3,1,1,1,1,1,1,1,1,3,1,3,3,1,3,1,1,1,3,2,1,1,2,1,2,3,2,2,1,1,3,3,1,1,3,1,3,3,1,1,2,1,1,3,1,1,1,1,1,1,3,3,1,2,1,1,1,2,1,1,1,2,1,1,3,1
211,1,1,1,3,1,1,2,1,1,2,1,1,3,1,1,2,2,1,1,1,1,2,1,1,3,1,3,1,1,1,3,2,1,1,1,2,1,2,1,1,1,1,1,1,3,1,1,1,1,1,1,1,1,1,1,1,1,2,1,2,1,3,1,1,2,1,2,1,1,2,1,1,1,1,1,1,1,1,1,1,3,1,1,1,1,1,2,1,1,1,1,2,3,1,1,1,2,1,1,1
212,2,1,1,1,1,1,1,1,2,2,1,1,1,3,3,1,2,1,3,1,1,3,1,1,2,1,1,1,1,1,2,3,3,1,2,1,1,1,1,2,1,1,1,2,3,3,3,1,1,3,1,1,2,1,3,1,1,2,1,3,1,1,1,3,3,3,1,1,1,1,1,1,1,1,1,2,1,1,3,1,2,1,1,1,1,1,2,1,1,1,1,1,1,2,1,1,3,2,1,1
213,1,2,2,1,1,2,1,1,1,1,1,1,2,1,1,1,3,3,1,1,1,3,2,1,1,1,3,1,1,2,1,1,1,3,2,1,3,1,1,3,1,1,3,1,1,2,1,1,1,1,1,1,1,1,1,1,1,1,1,2,3,1,1,1,1,3,2,3,1,3,1,1,3,1,1,1,1,3,1,1,1,1,1,1,3,3,1,3,1,1,2,1,1,1,3,1,1,1,1,1
214,1,1,1,1,3,1,2,1,1,2,1,1,1,1,1,1,1,1,1,1,1,1,1,1,1,1,3,2,1,1,1,1,1,1,2,3,1,3,1,3,2,1,3,1,1,1,1,1,2,1,1,3,1,1,3,1,1,3,1,2,3,1,1,1,1,3,1,1,3,1,3,2,1,2,1,1,1,1,1,1,2,1,3,3,1,3,1,1,2,1,1,1,1,2,1,3,2,1,1,3
215,1,1,3,3,1,1,1,2,3,1,1,3,2,1,3,1,1,1,1,1,2,1,1,3,1,1,3,3,1,3,1,2,1,2,3,1,1,1,2,1,3,1,1,1,3,1,2,3,1,3,1,1,3,1,1,1,1,2,3,1,2,1,2,1,2,3,1,3,1,1,2,1,1,1,1,1,2,3,1,1,1,1,1,2,1,1,1,1,1,3,1,1,1,2,1,1,2,1,1,1
216,3,1,2,3,1,1,1,1,1,1,2,1,2,2,1,3,1,3,1,3,1,1,2,2,2,1,1,1,1,3,1,1,3,3,3,1,2,3,3,1,1,2,1,1,2,1,3,1,1,1,1,1,1,1,1,3,1,2,1,3,1,1,1,1,3,3,1,1,1,1,1,1,1,1,1,2,1,1,2,1,2,3,2,1,1,1,1,1,1,1,2,1,1,1,1,1,1,1,1,3
217,1,1,1,1,2,1,1,1,1,1,2,1,1,2,1,1,1,1,1,2,1,3,1,1,1,1,1,1,1,1,1,2,1,3,2,3,1,2,1,1,1,2,1,1,2,1,1,1,1,1,1,3,1,3,1,1,2,1,2,2,3,1,3,2,1,1,3,1,1,1,1,1,1,1,1,1,1,1,1,2,1,1,1,1,1,1,3,1,2,1,1,1,2,1,1,1,1,1,1,1
218,1,1,1,3,1,1,2,2,2,1,2,1,2,3,2,1,3,2,1,3,1,1,1,3,2,1,1,1,1,2,1,1,1,2,1,1,1,1,2,2,1,1,1,2,2,2,1,3,1,1,1,1,1,1,1,1,1,1,1,1,1,3,1,1,1,2,3,1,1,1,1,1,1,1,3,1,1,1,1,1,3,3,1,1,3,3,1,1,1,2,2,1,1,1,3,2,1,1,1,2
219,1,2,1,3,1,2,2,1,1,2,2,1,1,1,2,1,2,1,2,1,3,1,1,1,1,1,1,1,1,3,1,2,1,2,1,3,1,1,2,1,1,1,1,1,3,3,1,1,1,1,1,1,1,1,1,2,1,2,2,1,1,1,1,1,1,1,1,1,1,1,1,1,3,2,1,1,2,2,1,1,1,1,1,2,2,1,1,2,1,3,1,3,3,1,1,1,1,1,2,1
220,2,1,1,1,2,1,2,1,1,1,3,1,1,1,3,1,1,1,1,1,1,1,1,1,1,1,1,1,3,1,1,1,1,1,1,2,1,1,1,2,1,3,2,3,1,3,1,3,1,1,2,3,1,1,1,2,1,1,1,2,3,2,1,1,1,1,1,1,1,1,1,1,2,1,3,1,1,1,3,3,1,1,1,1,2,2,1,1,2,1,1,1,1,1,1,1,1,1,3,2
221,1,1,1,1,3,1,2,1,2,1,2,1,2,1,1,1,1,2,1,3,1,1,1,1,3,1,1,1,1,1,3,1,2,1,3,1,1,1,1,1,3,1,2,2,1,1,1,1,1,1,3,1,2,1,1,3,1,2,1,2,3,1,1,1,1,3,1,2,1,2,1,1,1,1,1,3,2,1,1,1,1,2,3,3,1,1,1,1,2,1,1,2,1,2,1,1,3,1,3,1
222,1,1,2,2,1,3,2,1,1,3,1,1,1,1,3,1,1,1,3,3,1,1,1,1,1,1,1,1,1,1,1,1,3,1,1,1,3,1,1,1,1,1,1,1,1,2,3,2,3,3,1,1,3,3,1,1,1,1,1,3,1,1,3,3,3,1,3,1,3,1,1,1,3,1,1,1,1,3,1,1,1,1,3,1,2,2,2,1,3,1,1,1,1,1,1,1,3,1,1,1
223,1,1,1,1,3,3,3,1,2,3,2,2,1,1,1,1,3,1,1,1,1,1,1,3,1,1,1,1,2,1,1,1,3,1,1,2,1,1,3,1,1,3,1,2,1,1,2,3,1,1,1,1,1,1,1,2,1,1,1,1,1,1,1,1,3,1,3,1,1,1,1,1,1,1,3,1,3,1,1,1,1,3,3,1,1,1,1,1,1,3,2,1,2,3,1,1,2,2,1,2
224,1,1,1,1,3,1,1,1,1,3,2,1,1,2,1,3,1,1,1,1,1,2,1,1,1,1,1,1,1,1,1,3,2,1,3,3,1,3,3,1,1,1,1,1,1,2,1,1,1,2,1,1,3,1,2,1,1,1,1,1,1,1,1,1,1,3,2,2,1,1,1,3,1,1,3,1,1,2,3,1,1,3,1,1,1,1,1,1,1,1,1,1,1,1,2,1,3,2,1,1
225,3,1,1,2,1,1,3,3,1,1,1,1,1,1,3,1,3,1,1,1,1,1,3,1,1,1,1,3,1,1,1,1,1,1,1,1,3,1,1,1,1,1,1,3,1,1,2,1,3,1,1,1,1,2,1,1,1,1,1,1,1,1,1,1,1,1,1,1,1,2,1,3,1,2,1,2,1,1,3,1,1,1,1,1,1,2,3,3,1,1,2,1,1,1,1,2,1,3,2,1
226,3,2,1,1,1,1,1,1,1,3,1,1,2,1,3,3,3,1,1,2,1,2,1,1,2,1,3,1,1,1,1,1,1,1,1,1,1,3,1,1,3,1,1,1,1,1,3,1,1,1,3,1,3,1,1,2,1,1,3,3,1,1,3,3,1,1,1,1,1,2,3,2,2,1,1,1,2,3,1,1,1,1,1,1,2,1,1,1,1,1,2,2,3,1,1,1,1,1,1,1
227,1,3,1,2,2,3,2,1,1,3,1,2,1,1,1,1,2,2,1,1,1,1,3,3,3,3,1,1,2,1,1,1,1,1,1,1,1,3,1,1,1,3,2,1,1,1,3,1,1,1,2,3,1,1,3,1,1,3,2,1,1,1,2,1,1,1,1,1,1,1,2,1,1,3,2,1,2,1,1,1,1,2,1,1,1,1,1,1,1,3,3,1,1,1,3,1,1,1,1,2
228,1,1,1,1,1,1,3,1,1,1,1,1,3,3,1,1,1,1,1,1,1,1,1,1,1,3,1,1,2,3,3,1,1,1,3,1,1,2,1,1,1,1,3,1,3,1,3,1,3,1,2,1,1,3,2,1,1,2,1,3,2,1,1,1,1,1,1,1,2,1,1,1,2,1,1,1,3,1,1,1,1,1,1,2,2,1,1,1,1,1,2,3,1,3,1,2,3,1,2,2
229,1,2,1,2,2,2,1,1,1,1,1,2,1,1,1,1,1,2,3,1,2,1,3,1,3,2,1,1,1,1,2,1,1,2,1,3,1,3,1,1,3,2,3,2,3,3,1,1,3,1,1,1,1,1,3,1,2,1,1,1,1,1,1,1,1,3,1,1,1,1,1,3,3,1,1,3,1,1,1,1,1,3,3,1,2,2,1,1,1,1,1,1,1,1,1,2,2,2,3,1
230,3,1,2,1,1,2,3,1,1,3,1,3,1,1,2,1,1,1,1,1,1,2,3,1,2,2,1,1,3,2,1,1,1,1,1,1,1,1,2,3,1,3,1,2,1,1,1,1,1,1,2,1,1,1,1,1,1,1,1,1,1,2,3,2,1,2,1,1,1,1,1,1,1,1,3,1,1,3,1,1,1,1,1,2,1,1,1,3,2,3,1,1,2,3,1,1,1,2,1,1
231,1,1,1,1,1,3,1,2,1,1,2,1,1,1,1,1,1,3,1,1,1,3,1,2,1,1,1,1,1,1,1,1,1,1,3,2,2,1,2,1,1,1,1,3,1,2,1,1,1,2,1,1,1,2,1,2,1,3,3,3,3,1,1,1,1,2,2,1,1,1,1,1,1,3,2,1,1,1,3,1,1,2,2,1,1,1,1,1,1,1,2,3,2,1,2,1,1,1,1,1
232,3,3,1,1,1,1,3,1,2,1,1,3,3,2,2,2,1,2,3,2,1,3,3,1,2,1,1,3,1,1,1,1,3,1,1,1,3,1,2,1,3,1,1,1,1,1,3,2,1,3,3,1,1,1,2,1,1,2,1,1,1,1,3,1,1,2,1,1,1,1,2,1,1,3,1,1,1,1,1,1,3,1,1,1,1,1,1,1,1,1,1,1,2,1,1,1,1,3,1,1
233,1,3,1,1,1,1,1,1,1,1,1,1,3,1,1,1,1,2,1,1,1,3,1,1,3,1,1,1,1,3,3,1,3,1,1,2,3,1,2,1,1,1,3,1,1,1,1,3,2,2,2,1,3,3,1,1,1,1,1,1,1,1,1,3,1,3,1,1,1,1,2,1,1,1,1,1,1,3,2,1,1,1,1,1,1,1,1,3,1,1,2,1,1,1,1,3,3,1,1,1
234,1,1,1,1,1,2,2,3,2,1,1,1,3,2,1,1,1,3,1,1,3,1,2,3,1,1,1,1,1,1,1,1,1,1,1,3,3,1,1,3,1,1,1,1,2,1,1,1,1,2,1,1,1,1,1,2,2,1,1,1,1,2,1,1,1,1,1,1,1,1,1,1,1,3,1,2,1,3,1,1,1,1,1,3,1,1,1,1,2,1,1,1,2,1,1,2,3,1,2,1
235,1,3,1,2,1,1,1,1,1,3,1,1,1,1,1,1,3,2,1,2,2,1,1,1,2,1,1,2,1,1,1,1,1,1,1,1,3,1,1,1,1,1,1,1,1,2,1,1,1,1,2,3,1,1,2,1,3,1,1,1,1,1,1,1,3,3,1,1,1,1,1,2,3,1,2,1,2,3,1,1,3,1,1,1,1,1,1,1,1,2,1,1,3,1,1,1,1,1,3,1
236,1,1,1,1,1,3,1,2,3,1,2,1,1,3,1,3,1,2,1,1,1,1,1,1,3,1,1,3,1,1,1,2,1,2,1,1,1,1,2,1,2,1,1,3,1,1,1,2,2,3,1,3,3,1,3,1,1,1,1,1,1,2,1,3,1,1,3,3,1,1,1,1,1,3,1,2,3,2,1,1,1,1,3,1,1,1,1,1,1,2,2,1,3,1,1,3,1,1,1,1
237,1,1,3,1,2,1,1,2,3,1,1,3,1,1,1,1,1,1,3,1,1,1,3,1,1,2,1,2,3,1,1,1,1,1,3,1,1,1,1,1,1,3,1,1,1,2,3,1,1,1,1,3,1,1,1,1,1,1,1,1,1,1,3,1,3,3,1,1,1,1,3,1,1,2,1,2,1,1,3,1,1,1,3,3,1,1,1,3,1,2,1,1,1,1,2,3,3,1,3,1
238,1,2,1,1,3,2,1,3,2,2,2,1,1,1,1,3,1,1,2,2,2,3,3,1,1,2,1,1,1,2,3,1,1,1,2,1,3,1,1,2,1,1,1,1,1,1,1,3,1,2,1,1,1,2,1,1,1,1,1,3,1,1,3,1,1,3,1,3,2,1,1,1,2,1,3,1,2,1,1,1,2,1,1,1,1,2,2,3,3,3,3,1,1,1,1,1,1,1,1,1
239,1,1,1,3,1,1,3,2,3,1,1,3,1,2,3,1,1,1,3,1,1,1,1,1,1,3,1,2,1,2,1,2,2,2,1,1,1,1,1,1,1,1,1,1,1,1,1,1,1,2,1,2,1,3,1,3,1,3,1,1,3,3,3,1,2,3,1,1,1,1,1,1,1,3,3,1,1,1,1,1,1,1,1,1,1,1,2,3,3,1,3,1,2,1,2,1,1,1,1,1
240,1,3,1,1,1,1,2,2,1,3,2,1,1,2,1,1,1,1,1,1,1,1,3,1,3,1,1,1,1,1,1,1,2,2,3,3,1,3,1,1,1,1,1,1,1,1,1,1,1,1,3,1,3,1,1,1,1,2,1,1,3,1,1,2,1,1,1,1,2,1,2,1,1,2,1,1,2,2,1,1,1,1,1,1,1,1,3,2,2,1,1,1,2,2,1,1,1,1,1,1
241,2,2,1,1,1,1,1,1,1,1,2,3,1,1,1,2,1,1,1,1,1,1,1,1,1,1,3,1,2,1,3,3,1,3,1,3,1,2,1,1,1,2,1,1,3,3,2,3,1,3,1,1,1,2,2,3,3,1,1,1,1,1,1,1,2,1,1,1,1,2,1,2,3,3,1,1,2,1,1,1,1,1,1,1,2,2,3,1,1,2,1,2,3,1,1,3,1,1,1,3
242,1,1,1,1,1,1,1,2,2,1,1,3,1,3,2,3,3,1,1,1,1,1,1,1,2,1,1,1,1,1,3,1,2,2,2,3,1,1,1,3,1,1,3,2,1,2,3,1,1,1,1,2,3,2,1,1,1,1,1,1,3,1,1,3,2,1,1,1,1,1,1,1,1,1,1,1,2,1,2,1,3,1,1,1,2,2,3,1,1,1,1,1,1,2,2,3,3,1,1,1
243,1,3,1,1,1,1,1,1,1,2,3,1,2,1,1,1,1,3,1,1,2,1,3,1,1,1,1,2,1,1,1,1,1,1,3,1,2,1,2,3,3,3,1,1,1,1,1,1,2,1,1,2,1,1,3,1,1,1,1,1,1,1,2,1,1,1,2,3,1,1,3,1,1,1,1,1,1,1,1,3,1,1,2,3,1,3,2,1,3,2,2,1,1,1,1,1,1,1,1,2
244,1,1,2,1,1,1,1,1,1,1,1,2,1,3,2,1,1,1,2,1,1,1,1,2,1,2,1,1,1,2,1,1,2,1,1,1,3,1,3,1,1,1,2,1,1,1,1,1,1,2,1,2,1,1,1,1,3,1,1,1,1,1,3,2,1,3,1,1,1,1,3,1,1,3,1,2,1,1,1,1,3,3,2,1,1,1,2,1,3,1,1,2,2,2,1,1,1,1,1,2
245,2,2,1,3,1,1,1,2,1,1,1,3,1,1,1,1,1,1,1,1,1,1,3,2,1,1,2,1,3,1,1,1,1,2,1,1,2,3,1,2,1,1,1,3,1,3,1,1,1,1,1,3,1,3,1,1,2,3,2,1,1,1,1,1,2,1,1,1,2,3,1,1,1,1,1,1,1,1,1,1,1,2,1,3,1,1,3,3,1,1,1,2,1,1,1,2,1,3,1,2
246,1,1,1,1,1,3,1,1,3,1,1,1,1,1,2,3,1,3,1,1,1,1,1,3,3,2,2,1,3,1,1,1,1,1,1,3,1,3,1,1,1,1,1,1,1,1,1,1,3,2,1,1,3,1,1,2,3,1,1,1,3,3,3,1,3,1,1,1,1,1,1,3,3,2,1,1,2,2,1,3,1,1,1,2,1,3,1,2,1,1,1,1,2,2,2,1,1,1,1,1
247,2,1,1,1,2,1,1,1,1,1,1,1,1,1,3,3,2,1,1,1,1,1,1,1,1,1,3,1,1,1,1,1,1,1,1,1,1,1,1,3,1,1,2,1,1,1,1,1,1,3,1,3,2,2,1,1,1,1,1,1,1,1,1,3,1,1,1,1,2,1,1,1,1,1,1,1,1,1,1,3,1,1,1,1,1,1,1,1,2,1,1,1,1,2,2,3,1,1,1,1
248,1,2,1,2,1,3,1,3,1,2,1,1,1,1,1,1,2,1,1,1,3,1,1,1,1,3,1,1,1,1,2,1,3,1,1,2,1,1,1,1,2,1,1,1,3,2,3,3,1,1,1,1,1,1,1,1,1,1,1,1,1,1,3,1,1,1,3,1,1,1,3,1,1,1,1,1,1,1,1,2,3,1,2,1,1,3,1,1,3,1,1,2,3,1,3,1,3,2,1,1
249,1,1,3,1,3,1,1,1,1,1,1,2,1,1,1,1,2,1,2,1,3,1,1,2,2,1,3,1,3,1,3,1,1,1,1,1,1,1,1,3,2,2,1,3,1,3,1,1,1,1,1,3,1,1,1,1,2,1,1,3,2,1,1,1,1,1,1,1,1,2,1,1,1,1,1,1,2,1,3,1,3,3,1,1,2,1,1,3,1,2,1,3,1,2,1,2,1,1,1,1
250,1,3,1,1,1,2,1,1,1,1,1,1,2,3,1,1,3,1,2,1,3,2,2,1,1,2,1,1,1,1,1,3,1,3,2,1,1,1,3,1,1,1,1,1,2,3,2,1,1,2,1,2,1,1,2,3,1,2,3,2,3,1,1,1,1,1,1,1,1,1,1,1,3,2,1,1,2,1,1,1,3,3,1,2,2,3,1,1,1,1,3,1,1,1,1,1,1,2,3,1
251,2,1,1,3,3,2,3,1,1,1,3,1,1,3,3,1,1,1,1,1,1,1,2,2,1,1,2,1,1,1,1,1,3,3,1,2,3,1,2,1,1,1,1,1,1,1,2,2,3,1,3,1,3,1,2,1,1,1,1,2,1,3,1,1,1,3,1,3,2,1,1,1,2,1,1,1,1,1,3,1,1,1,1,1,1,1,1,1,1,3,1,1,1,1,1,1,3,1,1,1
252,1,1,3,1,1,1,1,1,1,1,1,1,1,2,1,1,2,1,1,1,3,1,2,3,1,2,1,1,1,1,1,1,1,2,1,3,2,1,2,2,1,1,1,1,2,1,2,1,2,1,3,1,1,1,1,1,1,1,1,1,1,1,1,2,1,2,1,1,1,1,1,2,1,1,1,1,1,3,1,3,1,1,1,1,1,1,1,1,1,2,3,1,2,1,1,1,1,2,1,3
253,3,1,2,2,1,1,1,1,1,3,1,1,1,1,1,1,1,1,1,1,3,2,1,1,1,1,1,1,1,3,1,2,1,1,2,1,2,2,1,2,1,2,1,1,1,2,1,1,1,1,3,1,1,1,1,3,1,1,1,2,1,1,1,1,1,1,3,1,1,2,1,1,2,3,1,3,3,2,3,2,1,1,1,2,3,1,3,2,3,1,1,2,3,1,1,1,2,3,1,1
254,1,2,1,3,3,1,1,3,3,1,1,1,1,3,1,1,1,1,1,1,2,1,1,3,1,1,3,1,3,3,2,1,1,1,1,2,1,3,1,1,1,2,2,1,1,1,1,1,2,1,2,3,1,3,3,3,1,1,3,1,1,3,1,1,3,3,3,1,1,2,3,1,3,1,3,1,3,1,1,1,1,1,2,1,1,1,1,1,2,1,1,1,1,3,1,1,2,1,2,1
255,1,1,1,2,1,3,1,1,1,2,1,3,1,1,3,1,1,3,1,1,2,1,1,1,1,3,1,2,1,2,1,1,1,2,1,1,3,1,1,1,1,3,1,3,3,1,3,1,1,1,1,1,3,3,1,1,2,2,1,1,2,1,1,2,1,2,1,2,1,1,1,1,1,3,1,1,1,1,1,2,1,2,1,2,1,3,3,1,1,1,3,1,1,1,3,2,1,1,1,3
256,2,1,1,1,1,1,1,3,1,1,1,1,1,1,1,2,1,1,1,1,1,1,1,1,1,2,2,1,3,2,2,3,3,1,1,1,1,1,1,3,1,3,3,1,2,1,1,1,2,1,1,1,3,3,1,1,3,2,1,3,1,1,1,2,1,3,1,3,3,2,1,3,1,1,1,2,1,1,2,3,2,1,1,1,3,1,2,2,1,3,1,1,1,1,1,1,1,1,1,3
257,1,1,1,2,1,1,1,3,1,1,1,3,1,2,1,1,1,1,2,1,2,1,3,1,1,1,3,1,2,2,1,2,1,1,1,1,3,3,1,1,1,1,1,1,1,1,1,1,1,1,1,1,1,1,3,2,3,1,1,1,1,1,1,2,1,2,1,1,1,2,1,1,1,1,1,1,2,2,3,1,2,1,3,1,1,3,1,1,1,1,1,1,1,3,1,1,1,1,1,1
258,3,1,1,2,1,1,1,1,1,1,3,2,1,2,1,1,1,1,1,1,1,1,1,2,3,1,1,1,1,1,1,1,1,3,3,1,1,1,1,1,1,2,1,1,2,1,1,1,1,1,1,1,2,1,1,3,3,1,2,1,1,1,1,1,2,1,3,1,1,1,1,3,1,1,1,2,3,1,1,1,1,3,2,1,1,1,1,1,1,1,1,1,1,1,1,1,1,1,1,1
259,1,2,1,1,2,1,3,1,3,1,1,1,1,2,2,3,1,2,1,1,1,1,1,1,3,3,1,1,1,1,2,1,1,1,1,1,1,1,1,1,1,3,1,1,1,3,2,1,1,3,2,1,3,2,3,3,1,1,1,3,1,1,1,1,1,3,1,1,1,1,3,1,2,1,1,1,1,1,1,1,1,3,1,1,3,3,2,1,1,1,1,1,1,1,1,1,2,1,1,2
260,1,1,1,1,1,3,1,1,3,2,1,2,2,1,1,3,1,1,2,2,1,1,3,1,1,1,1,1,1,2,1,2,1,1,1,1,1,1,1,1,1,2,1,3,2,1,2,1,1,1,1,2,1,1,1,3,1,1,1,1,1,1,1,3,1,1,1,1,1,1,1,2,1,1,2,1,2,1,1,1,1,1,2,1,1,2,1,1,1,2,2,1,3,1,1,1,1,1,2,1
261,1,1,2,2,1,2,1,1,1,1,1,3,1,1,3,1,1,1,1,1,1,1,1,1,1,1,2,1,1,3,1,1,1,1,3,2,1,2,1,1,1,2,1,1,1,1,2,1,1,2,1,3,1,3,2,1,1,1,1,3,3,3,1,1,1,1,2,1,1,2,1,1,1,1,1,3,1,1,1,2,1,1,1,1,1,2,1,1,1,1,1,1,2,1,2,1,1,1,1,1
262,1,2,1,1,1,1,3,1,1,1,2,1,1,2,2,2,1,3,1,1,2,1,1,1,1,3,1,1,1,1,1,3,3,1,1,1,2,2,1,1,2,1,1,1,1,1,3,1,1,1,1,1,2,1,1,1,2,1,1,1,1,1,1,1,1,1,1,3,2,1,1,1,3,1,2,2,1,1,2,3,3,1,1,1,2,2,1,1,1,1,1,2,2,3,1,1,1,1,1,1
263,3,2,1,2,1,3,1,1,1,1,2,1,1,1,1,2,1,3,1,1,1,1,3,1,3,3,2,1,1,1,1,1,2,1,2,1,1,1,1,1,1,1,2,1,1,1,1,1,2,1,1,1,1,1,1,1,3,1,1,3,1,3,1,1,1,1,1,1,3,1,1,1,1,1,1,1,1,2,1,3,1,1,2,1,1,1,1,1,2,1,3,1,2,1,1,2,1,3,1,1
264,1,1,1,1,1,1,2,1,1,2,1,3,1,1,1,1,1,3,1,1,1,1,1,1,1,2,2,3,1,2,1,1,3,1,1,1,1,1,2,3,1,1,3,1,3,1,1,1,3,1,3,1,3,3,2,1,1,1,1,2,1,3,2,1,3,1,1,2,1,1,1,1,3,1,1,1,1,1,1,1,1,1,1,3,3,1,1,1,1,1,1,1,1,1,1,1,1,1,1,1
265,1,1,1,1,1,2,3,3,1,1,1,2,2,1,1,1,3,1,1,1,2,1,2,1,1,1,2,1,1,1,1,1,1,2,1,3,3,1,3,2,2,1,1,3,1,2,1,2,1,3,3,1,1,1,1,1,1,1,1,1,3,1,2,3,1,1,1,1,1,1,1,1,1,1,3,3,1,1,3,2,1,1,2,1,3,1,2,3,1,1,3,1,1,1,1,2,1,1,2,1
266,1,3,1,2,2,1,1,1,1,2,1,1,1,1,1,2,1,1,3,2,1,1,2,3,1,2,2,2,1,1,1,2,1,1,1,1,1,1,1,3,1,2,1,1,1,3,1,3,1,3,1,1,3,1,1,1,1,2,3,1,1,2,3,1,1,1,1,1,1,1,3,1,3,1,3,3,1,1,1,1,1,1,1,3,3,1,1,1,1,1,2,3,1,1,1,1,1,1,3,1
267,1,1,1,1,1,1,1,1,1,3,1,1,1,1,3,3,2,1,2,2,2,1,1,1,1,3,1,3,2,1,1,3,1,1,1,1,2,1,1,3,3,1,1,1,1,1,1,1,3,1,1,1,1,1,1,1,1,1,1,1,1,1,1,2,1,1,3,3,1,2,1,1,3,1,1,1,2,2,1,2,3,2,1,1,3,1,1,1,1,1,2,3,2,3,1,1,3,1,2,1
268,2,2,1,1,1,1,1,1,1,1,1,2,1,2,3,3,2,2,1,3,3,1,1,1,1,2,3,1,1,2,1,2,1,1,1,3,1,1,1,1,1,1,2,1,2,1,1,1,1,1,1,3,2,1,1,1,1,3,3,1,3,1,1,1,1,1,1,1,1,1,1,1,1,1,1,1,1,2,1,1,1,2,1,3,1,2,1,3,1,1,1,1,2,3,1,1,1,1,1,3
269,1,1,1,1,1,1,3,1,1,2,1,3,2,1,1,1,1,1,1,1,2,3,1,3,1,1,1,1,3,1,1,3,1,1,3,1,2,1,2,3,1,1,2,2,3,1,1,1,1,3,3,2,1,1,1,2,3,1,2,1,2,1,1,3,1,2,1,1,1,1,2,3,1,1,1,1,3,1,1,1,3,3,1,1,3,2,1,2,1,2,1,1,3,2,3,1,3,1,1,1
270,1,1,3,1,1,1,1,1,1,1,3,1,2,1,1,1,2,2,1,3,2,1,2,1,2,1,1,1,3,3,1,1,2,1,1,2,2,1,1,1,1,3,1,1,1,3,1,1,3,1,1,1,1,1,1,2,3,1,2,1,3,2,1,1,1,1,1,2,3,2,3,1,2,3,2,1,1,1,1,3,2,2,1,1,1,1,2,1,1,3,1,2,2,1,1,1,1,1,1,1
271,1,1,1,1,1,1,1,1,3,1,1,1,3,1,1,2,1,1,1,1,1,3,1,1,2,2,1,1,1,2,3,1,3,3,1,3,2,2,1,1,1,2,1,1,2,3,1,1,1,1,3,2,2,1,1,1,1,1,3,1,1,3,2,1,3,3,1,3,1,1,1,1,1,1,2,1,1,1,1,1,3,1,1,2,1,2,1,3,1,1,1,1,1,2,1,2,3,3,2,1
272,1,3,1,2,2,1,1,2,2,1,1,2,2,1,1,1,1,1,1,2,1,1,1,2,2,1,1,1,1,1,1,1,1,1,1,2,1,1,3,1,1,3,1,3,1,3,1,1,1,1,1,3,2,1,1,2,2,1,1,1,1,1,2,1,1,1,3,1,1,1,1,1,1,1,1,1,2,1,1,1,1,1,3,2,1,2,2,1,1,1,1,1,1,1,1,2,1,1,1,1
273,1,1,3,1,3,1,3,1,1,2,1,1,1,1,1,1,1,2,1,1,1,1,1,1,1,1,1,3,1,1,1,1,1,1,3,1,3,1,2,1,2,3,3,1,2,3,1,1,1,1,2,1,1,3,1,1,1,2,1,3,1,1,1,3,1,1,3,3,1,2,1,1,1,1,1,1,3,1,3,1,1,1,1,1,1,1,2,1,1,2,3,1,3,1,1,1,1,1,1,1
274,3,1,1,1,3,1,1,3,1,1,3,1,2,1,1,1,3,1,3,3,1,1,1,1,1,1,1,1,1,3,1,2,1,1,1,1,3,1,1,3,1,2,1,1,3,1,1,1,1,1,1,2,1,3,1,1,2,1,1,1,2,1,1,1,3,1,1,1,3,1,1,1,1,2,1,1,1,2,1,1,1,1,3,2,3,1,1,1,2,3,1,1,3,1,3,2,1,1,1,1
275,3,1,1,1,1,1,1,1,2,2,2,1,1,1,2,1,1,1,1,3,1,1,1,1,2,2,1,1,3,1,2,1,1,1,1,1,1,2,1,1,3,3,2,1,1,1,3,3,1,1,1,3,1,2,1,1,2,2,1,2,1,1,3,2,1,1,1,1,1,3,1,1,1,2,1,1,1,1,3,2,1,1,1,1,1,1,1,3,1,1,1,3,1,2,1,1,1,3,1,1
276,2,3,1,3,1,1,1,1,1,1,1,1,1,3,1,1,1,3,3,1,1,1,1,1,1,1,3,1,1,1,1,2,3,1,2,1,1,1,1,1,1,1,3,1,1,1,1,2,1,3,1,1,2,1,1,2,3,1,3,1,1,2,1,3,2,1,1,1,3,1,1,3,1,2,1,1,1,1,2,1,2,1,1,3,1,1,1,1,3,1,1,1,1,1,2,1,2,1,1,2
277,3,1,2,3,1,1,1,2,1,1,1,1,1,1,3,3,1,1,1,3,1,1,2,1,2,2,1,1,1,3,1,2,1,1,1,2,1,1,2,1,1,1,1,1,1,1,3,1,1,1,1,1,1,1,1,1,3,1,3,1,1,2,2,1,1,3,2,3,2,2,2,1,1,2,1,3,1,3,3,3,1,1,1,1,1,1,1,1,3,3,2,1,1,2,1,1,1,1,1,2
278,1,1,2,1,1,1,1,1,3,1,1,1,1,1,1,1,1,1,1,2,1,1,3,1,1,1,2,1,1,1,1,1,3,1,2,1,3,1,1,1,1,1,3,3,2,1,1,1,1,2,1,1,1,1,1,1,2,1,1,3,2,3,1,1,1,1,3,1,1,1,1,2,1,1,1,1,1,1,1,1,3,3,1,1,1,2,2,1,1,1,3,3,3,3,1,1,3,1,1,3
279,1,1,1,3,1,1,1,1,1,1,1,1,1,1,1,1,3,1,1,2,1,3,1,1,3,1,1,1,3,1,1,1,1,1,1,2,1,1,1,3,1,3,1,1,1,3,3,1,2,1,1,3,1,1,1,1,1,2,1,1,1,2,1,1,3,1,1,1,1,3,1,1,3,1,3,1,3,1,1,1,1,3,1,1,2,1,1,3,1,1,1,3,1,1,2,1,3,1,1,2
280,1,1,1,3,1,1,3,1,1,1,2,1,1,1,1,1,3,1,1,1,1,2,3,1,1,1,1,3,1,1,3,3,1,2,1,1,1,3,1,1,1,1,1,1,1,1,1,1,3,3,3,1,1,3,1,1,2,3,1,1,1,1,1,1,1,1,1,3,1,2,1,1,1,1,1,1,1,1,1,3,1,1,1,1,1,1,1,1,1,1,1,1,1,2,1,1,1,1,1,1
281,1,1,1,1,3,1,1,1,2,1,3,1,1,1,1,1,1,1,1,1,2,2,1,1,1,1,2,2,1,1,1,2,1,3,1,1,1,3,1,1,3,1,1,1,1,1,1,1,1,3,1,2,2,1,1,1,1,1,1,1,1,1,1,1,1,2,1,1,1,1,1,1,1,1,3,2,3,2,1,3,3,3,1,3,3,1,1,1,1,1,1,2,1,1,1,1,1,1,1,1
282,1,3,1,1,1,1,1,1,1,1,2,1,1,1,1,1,1,2,1,1,2,1,1,1,1,1,2,1,2,1,2,1,1,1,1,1,1,1,1,1,1,2,3,1,1,1,2,1,1,2,1,2,2,1,1,1,1,1,1,1,1,2,1,2,1,1,2,1,1,1,1,1,1,1,1,3,1,1,3,1,1,1,3,1,1,1,1,1,3,1,1,3,2,1,1,3,1,1,1,2
283,2,1,3,3,1,1,1,2,1,1,3,1,1,1,1,1,1,3,1,1,1,3,3,1,1,3,1,1,1,1,1,1,1,3,1,3,1,1,3,3,1,1,1,1,3,1,1,3,1,1,1,2,1,1,1,1,1,1,1,3,1,3,2,2,1,1,1,1,1,1,1,1,1,3,1,1,1,2,3,1,2,1,2,1,1,1,3,1,1,1,1,1,1,1,1,3,1,1,1,1
284,1,1,1,1,2,1,1,1,1,1,1,3,1,2,3,1,3,2,3,1,1,1,1,3,1,2,3,1,1,1,3,1,1,1,1,3,2,1,1,1,1,1,3,3,3,1,1,2,1,2,2,1,1,2,1,1,1,1,1,1,2,2,2,1,1,3,1,1,1,1,1,3,3,2,1,1,3,1,1,3,1,2,1,1,2,3,3,1,2,2,1,1,1,2,1,1,1,3,3,1
285,1,2,1,1,3,1,3,1,2,1,1,3,1,1,1,1,1,2,1,1,1,3,2,1,3,1,3,1,1,2,2,1,1,1,1,1,1,3,1,1,1,1,1,1,2,1,1,1,1,1,1,1,1,3,1,1,1,1,2,3,2,1,2,3,1,1,1,1,3,1,1,1,1,1,1,1,2,1,3,1,1,1,1,1,1,2,3,2,3,1,1,1,3,1,3,1,1,1,2,1
286,1,1,3,1,3,1,1,1,1,3,1,1,1,3,2,1,1,3,2,1,1,1,1,1,1,3,3,3,3,1,2,1,2,1,1,3,1,1,1,1,1,1,1,1,1,1,3,3,1,1,1,1,3,1,3,2,1,1,3,1,1,1,3,2,3,1,3,3,3,3,2,1,1,2,1,3,1,1,1,3,1,2,1,3,1,1,1,1,1,1,1,2,3,1,1,1,1,1,1,2
287,1,2,1,3,1,1,1,1,1,3,1,1,1,3,3,1,1,1,1,1,3,1,1,1,1,1,1,1,1,1,1,1,1,1,1,3,1,1,1,1,3,2,1,3,1,1,1,2,2,2,2,2,3,1,3,1,1,1,1,1,1,2,3,2,1,1,1,2,3,1,1,1,1,1,1,1,1,3,1,2,2,2,1,1,2,2,2,1,1,1,1,1,2,3,3,1,1,1,1,1
288,1,1,3,1,1,1,1,3,1,1,1,2,1,3,1,2,1,3,1,1,3,1,2,1,1,1,1,2,1,2,1,1,1,1,2,1,1,1,1,1,1,1,3,3,2,1,1,1,1,2,1,1,3,1,1,1,1,1,1,1,1,1,1,2,1,1,1,1,1,3,1,1,1,3,3,1,1,1,1,3,1,1,1,1,1,1,1,2,1,1,1,3,2,1,1,1,3,2,1,2
289,1,1,2,1,1,1,1,3,1,1,1,3,1,1,1,3,2,3,2,2,3,1,1,1,1,1,1,1,1,1,2,2,1,1,1,3,1,1,1,1,3,1,3,1,1,1,1,1,1,1,1,1,1,3,1,2,1,1,1,2,1,3,1,1,1,1,1,1,1,2,2,1,1,1,1,1,1,1,1,1,2,1,1,1,1,1,1,3,1,1,1,3,1,1,1,1,3,1,1,1
290,1,1,1,1,1,2,2,1,3,1,1,1,2,3,1,1,1,1,1,1,1,2,1,2,1,2,3,1,1,1,1,1,1,1,1,1,1,1,2,2,1,1,1,1,1,1,1,1,2,1,3,3,2,1,1,3,1,1,2,2,1,1,1,1,1,2,1,1,2,1,2,1,1,1,1,2,1,1,1,3,2,1,3,1,1,1,1,2,3,1,1,3,1,1,1,1,1,1,3,2
291,1,1,1,3,1,1,3,1,1,1,1,3,1,1,2,2,1,2,2,1,1,1,2,1,1,1,1,1,1,1,1,3,1,3,1,1,1,1,1,2,1,1,1,1,1,1,1,2,1,1,3,1,1,2,1,1,1,1,3,1,1,1,1,1,2,1,1,2,3,1,1,1,2,2,1,1,1,1,1,1,1,1,1,1,1,1,2,1,1,2,1,1,1,1,2,1,1,1,3,1
292,1,1,2,2,1,1,2,1,3,1,1,1,1,3,1,1,1,1,3,1,3,2,1,2,1,1,1,1,1,1,1,3,3,1,1,3,2,1,3,2,3,1,1,1,1,1,1,2,1,3,3,2,1,1,1,3,1,2,1,3,1,1,3,1,1,1,1,1,1,1,1,1,1,2,3,3,1,1,3,1,1,2,1,1,1,1,1,1,2,1,1,1,1,1,1,3,1,1,2,3
293,2,3,3,1,1,3,1,1,1,3,1,1,1,1,1,3,2,1,2,1,1,1,2,1,1,3,1,1,1,1,1,1,1,1,1,3,1,2,3,3,1,3,2,1,1,1,1,1,1,1,1,2,1,1,1,1,1,1,1,1,1,2,1,1,1,2,1,3,3,1,3,1,1,1,1,1,3,1,3,1,1,1,1,1,1,1,1,1,2,1,3,2,1,2,3,1,1,1,1,1
294,1,1,1,1,1,1,1,1,1,1,1,1,3,1,1,1,1,1,1,1,3,1,1,2,1,1,2,1,2,1,1,1,1,1,3,3,1,1,1,1,1,1,2,1,1,1,1,2,1,1,1,1,1,1,1,1,1,1,1,1,1,1,3,1,2,2,2,1,3,1,1,1,1,1,2,1,3,1,3,1,1,1,2,3,1,3,1,2,1,1,1,1,1,3,1,1,1,3,3,1
295,3,3,1,1,1,1,1,3,1,2,1,2,1,3,2,1,2,1,1,1,1,1,1,3,1,1,1,1,1,2,1,3,2,3,1,1,2,1,1,1,1,1,1,1,3,1,3,1,1,3,1,2,1,1,1,1,1,1,1,1,1,1,1,1,1,3,1,1,1,1,2,1,1,1,2,1,1,3,1,2,1,1,2,3,3,1,1,1,2,3,3,1,1,2,2,2,1,2,2,2
296,1,1,1,1,1,1,1,2,1,1,1,3,1,1,2,1,1,1,1,1,1,1,1,1,2,1,1,1,2,1,1,1,1,1,1,1,1,2,2,1,1,3,1,1,1,3,3,1,2,1,1,1,2,1,2,1,2,1,1,1,1,1,2,1,1,1,1,3,1,1,2,1,1,1,3,3,1,1,2,1,2,3,1,2,1,1,3,3,3,1,1,1,1,1,3,1,2,3,3,3
297,1,1,1,1,3,1,2,1,1,2,1,1,1,1,1,3,1,1,1,1,3,1,1,3,1,1,1,1,3,1,1,1,1,1,1,1,1,1,1,1,2,1,3,3,1,1,1,1,1,3,1,1,1,1,1,1,1,2,1,1,1,1,1,1,1,1,3,2,1,1,3,2,1,3,2,2,1,2,1,1,1,1,1,1,1,1,1,1,1,1,1,1,1,1,2,3,1,1,2,1
298,3,1,2,1,2,1,2,3,1,1,1,2,1,1,1,1,1,1,1,1,2,1,2,3,2,1,1,1,1,1,3,2,1,2,1,2,1,1,1,2,1,1,1,1,2,1,1,1,1,2,3,1,1,1,1,1,1,1,1,1,2,3,1,1,1,1,1,2,2,2,1,1,1,1,1,1,1,1,1,3,2,1,2,1,2,1,1,1,1,1,1,1,1,1,1,1,1,1,1,1
299,1,1,2,3,2,1,1,1,1,2,2,1,1,1,3,1,1,1,3,1,1,1,1,1,1,1,3,3,1,1,1,2,1,1,1,1,1,1,2,3,2,1,1,1,2,2,1,3,3,1,1,2,1,1,3,2,1,3,1,1,1,1,3,1,3,2,3,2,1,3,1,2,1,1,1,1,1,1,3,1,2,1,1,1,1,1,1,1,1,3,1,1,1,1,1,1,2,1,2,1
300,1,3,1,3,1,1,1,1,1,1,1,2,3,1,1,1,2,2,3,3,1,3,3,3,2,2,1,1,1,1,1,1,1,1,1,3,1,1,1,1,1,1,2,2,3,3,1,1,1,3,1,1,1,3,1,1,1,2,1,1,2,1,1,1,1,2,3,1,1,2,2,1,2,2,3,1,2,1,1,1,2,1,3,2,2,1,3,1,1,1,1,2,1,1,1,2,3,3,1,2
301,1,1,1,1,2,2,1,2,1,1,2,3,2,3,1,3,1,1,1,1,1,2,1,2,1,1,1,1,1,1,3,1,1,1,3,3,1,2,1,2,3,1,1,1,1,3,1,2,1,1,1,1,1,1,2,1,3,1,2,1,1,1,2,1,1,1,3,1,1,3,1,1,1,1,3,1,1,3,1,1,1,1,1,1,1,3,1,3,2,1,1,2,3,1,2,3,1,1,3,3
302,1,1,2,2,1,1,2,1,3,1,1,1,1,1,1,1,1,1,1,1,1,1,1,1,1,1,1,1,2,1,2,1,1,1,1,2,1,1,1,1,1,1,1,2,1,1,1,3,1,2,2,1,1,1,1,1,1,1,1,1,1,1,1,1,1,1,2,3,1,1,2,1,1,1,3,1,2,1,1,1,2,2,1,3,1,1,1,3,2,1,1,2,1,3,2,1,1,3,1,3
303,1,1,1,3,1,1,1,2,1,3,1,1,1,1,1,1,1,1,1,1,1,1,1,1,1,3,3,2,3,3,1,1,3,1,3,1,3,1,3,1,3,3,2,1,1,3,1,1,1,1,1,2,2,1,1,3,3,3,1,1,1,1,1,3,1,2,1,1,1,1,2,2,1,1,1,1,1,1,2,1,1,1,2,1,1,3,1,1,1,1,1,1,1,1,1,1,1,1,2,3
